970ae2a2-5c65-4d0e-b542-8f6fd6ff5ef8.png	park/migration/2026/08/08/pk00003_000.png
8843cd03-84c9-40cf-a03c-7dd5cf232906.png	park/migration/2026/08/08/pk00003_001.png
f03c1d56-45fb-47ab-9cc6-b416c0d11da0.png	park/migration/2026/08/08/pk00003_002.png
557381a5-65a7-4bb6-ad22-e5d1ca8370fc.png	park/migration/2026/08/08/pk00003_003.png
fc5db4b9-e38f-4ee8-87be-8f23ed9b5f4a.png	park/migration/2026/08/08/pk00003_004.png
398c6086-253e-4787-b92d-86c9d9ce8c0e.png	park/migration/2026/08/08/pk00003_005.png
56be18f6-8cf2-4d50-a3b5-20d434fb84f8.png	park/migration/2026/08/08/pk00003_006.png
e86cf12f-62c2-4f3b-be7e-eaed390b5e6b.png	park/migration/2026/08/08/pk00003_007.png
f819c51a-9b39-4184-bd8c-624577c282fc.png	park/migration/2026/08/08/pk00003_adv_008.png
865e439f-1a9f-4811-9d18-621b48c354c0.png	park/migration/2026/08/08/pk00003_ent_000.png
3ae4287b-2b3e-411a-8ade-b70b7db85855.png	park/migration/2026/08/08/pk00003_ent_001.png
35c2fbe0-3cfb-463d-b271-0abb9da64b56.png	park/migration/2026/08/08/pk00003_ent_002.png
c1c191fb-1bfd-49f7-a38c-97a3c8eddc5c.png	park/migration/2026/08/08/pk00003_ent_003.png
a0247604-6d62-4c17-8565-e0be072bf9e9.png	park/migration/2026/08/08/pk00003_ent_004.png
de582f0a-78cb-49a2-b7d2-b73e840778a4.png	park/migration/2026/08/08/pk00003_env_339.png
789d85da-9c1c-4fcb-8555-f4c146e80dfa.png	park/migration/2026/08/08/pk00003_env_340.png
a78e8292-5c88-4ca2-9d65-e53226563c9a.png	park/migration/2026/08/08/pk00003_env_341.png
e379d212-a8d9-42b8-a4a4-87d0ea695233.png	park/migration/2026/08/08/pk00003_env_342.png
fa5ecdae-6a4d-4c4b-816f-add223070c71.png	park/migration/2026/08/08/pk00003_env_343.png
4869172c-dedb-4a3f-a18a-e22a64f40a4c.png	park/migration/2026/08/08/pk00003_env_344.png
3b6cc25c-9d5e-4767-af9e-242cd1327f67.png	park/migration/2026/08/08/pk00003_env_345.png
5919c5ff-b0cf-43bf-84f7-7c4da971ce9c.png	park/migration/2026/08/08/pk00003_env_346.png
234da142-3eed-4059-9a82-cf5a64292360.png	park/migration/2026/08/08/pk00003_food_335.png
40d9bed7-676f-4db0-ada3-206806f6f47f.png	park/migration/2026/08/08/pk00003_food_336.png
c5b8222b-f782-43c9-acd8-f81138345891.png	park/migration/2026/08/08/pk00003_health_005.png
f7153ea8-4d75-4e6d-b57b-142b96a89bba.png	park/migration/2026/08/08/pk00003_health_006.png
a1605f53-49ad-4517-bf86-c8d4ed1f30bf.png	park/migration/2026/08/08/pk00003_health_007.png
c9ec8a5d-1f07-439a-b20d-dbdd1a7ddbec.png	park/migration/2026/08/08/pk00003_room_123.png
949a733e-4daf-457e-9a67-22563d9d67ec.png	park/migration/2026/08/08/pk00003_room_124.png
93f01876-d424-4d2c-b7fd-9e8862f707c5.png	park/migration/2026/08/08/pk00003_room_125.png
7507b401-0bd8-49c9-b201-9f05c6825a42.png	park/migration/2026/08/08/pk00003_room_126.png
bfa436f2-9fca-4674-b55e-89025b96ca34.png	park/migration/2026/08/08/pk00004_000.png
e4723a3d-e496-4ea9-9a42-efd40d3404ab.png	park/migration/2026/08/08/pk00004_001.png
2d3b8702-8300-4245-953a-539d7b50d5b3.png	park/migration/2026/08/08/pk00004_002.png
523da542-24ab-463c-ba47-fbb0f8f6b0fe.png	park/migration/2026/08/08/pk00004_003.png
f55f30bb-dd3a-4de4-9695-a1860aae90d9.png	park/migration/2026/08/08/pk00004_004.png
9b490328-4228-4630-92e3-a22c2313fdf0.png	park/migration/2026/08/08/pk00004_005.png
5859c363-e94a-4a4a-9bb5-54e2bfa86241.png	park/migration/2026/08/08/pk00004_006.png
a6826435-1cb0-41e7-ae39-b448e69fad94.png	park/migration/2026/08/08/pk00004_ent_009.png
9109111a-c43d-41c3-a465-3c1623353958.png	park/migration/2026/08/08/pk00004_ent_010.png
7f960ff0-f890-4a13-a657-d9031edf5302.png	park/migration/2026/08/08/pk00004_ent_011.png
85fc9c13-0bcd-40de-a24b-7e7eb2b2907e.png	park/migration/2026/08/08/pk00004_ent_012.png
4b00c500-90ef-46bd-ae5a-052e5f9aeaf4.png	park/migration/2026/08/08/pk00004_ent_013.png
f436c282-560a-464d-a5ad-a5ec3d067fc1.png	park/migration/2026/08/08/pk00004_ent_014.png
0d380c25-eb83-4838-a09d-97279cea471b.png	park/migration/2026/08/08/pk00004_ent_015.png
00bd863d-c3b3-45e4-ac8f-f8f0516d746a.png	park/migration/2026/08/08/pk00004_food_347.png
5d2acd53-39cf-4769-ac06-bc5952e4da21.png	park/migration/2026/08/08/pk00004_food_348.png
838f6442-8988-4d0f-8bc8-68f441f6c586.png	park/migration/2026/08/08/pk00004_health_016.png
c5060a7b-f5d0-4c0c-a09a-5d58c12aa97d.png	park/migration/2026/08/08/pk00004_health_017.png
6a4551d6-59ab-4784-ac9c-1a945d661170.png	park/migration/2026/08/08/pk00004_health_018.png
1741c039-2f02-4f58-bb47-23a8ed947d03.png	park/migration/2026/08/08/pk00004_health_019.png
13b6cb0e-f0dc-4873-9758-db778e61cbe8.png	park/migration/2026/08/08/pk00004_health_020.png
6ab1a019-5dfe-44a0-a924-417881f8d52c.png	park/migration/2026/08/08/pk00004_room_127.png
b0f9b4c0-3377-4de8-b015-2c62a98a7f73.png	park/migration/2026/08/08/pk00004_room_128.png
0b115bb3-8467-4df0-80b9-ebd3dab30677.png	park/migration/2026/08/08/pk00004_room_129.png
b0eb3e13-ec19-4c69-b5ba-138e4ce294c8.png	park/migration/2026/08/08/pk00004_room_130.png
298c745f-8dca-498d-9bfb-f14cec4d23ac.png	park/migration/2026/08/08/pk00004_room_131.png
4282146a-12a7-41ba-8e8d-02638d677609.png	park/migration/2026/08/08/pk00004_room_132.png
ba012463-c602-446f-a8c9-e555cf6f4a15.png	park/migration/2026/08/08/pk00004_room_133.png
dccc9763-e4be-4571-8727-6ad935720f9a.png	park/migration/2026/08/08/pk00004_room_134.png
1dbb9dd3-9f2c-4497-850f-d8d95a2ab429.png	park/migration/2026/08/08/pk00005_000.png
647c41cb-7ad6-45e1-8cbf-4a9370bb894d.png	park/migration/2026/08/08/pk00005_001.png
999ffbf2-00c7-41ee-9aec-d211d36bd04a.png	park/migration/2026/08/08/pk00005_002.png
4b5ef014-9c4d-4e32-971f-1af1f36bacae.png	park/migration/2026/08/08/pk00005_003.png
5b829521-42fd-4069-b226-957aed8ede5a.png	park/migration/2026/08/08/pk00005_004.png
7a126cd9-60fb-4251-95f3-e416f309a5c6.png	park/migration/2026/08/08/pk00005_ent_021.png
840e7afa-43c8-49bb-8b63-aee1cee883a0.png	park/migration/2026/08/08/pk00005_ent_022.png
ce0fbf68-7500-47ab-83dc-64a9686b256c.png	park/migration/2026/08/08/pk00005_ent_023.png
2f18c42e-9e32-4cf3-a059-9809d1399fac.png	park/migration/2026/08/08/pk00005_env_184.png
b611ec27-1e67-42ab-bb1f-ab2d6b11f664.png	park/migration/2026/08/08/pk00005_food_178.png
9339ac63-6ec9-4d8f-b7b8-e9714aa52440.png	park/migration/2026/08/08/pk00005_food_179.png
727d37a7-bbbd-40ae-b28f-2e93bcc32432.png	park/migration/2026/08/08/pk00005_food_180.png
2205b503-3f3a-41ae-8865-5fbe76ed1b2e.png	park/migration/2026/08/08/pk00005_health_024.png
4b743d27-3822-4983-aca0-23593d2be9af.png	park/migration/2026/08/08/pk00005_health_025.png
a4c54ea0-5acb-4d97-bcf3-1775d345bfc5.png	park/migration/2026/08/08/pk00005_health_026.png
3f560194-db09-4b6c-b1a7-5b0b500d9ad5.png	park/migration/2026/08/08/pk00005_health_027.png
21d76323-34fd-47d1-a992-44df9f5100cb.png	park/migration/2026/08/08/pk00005_health_028.png
d4f45bdc-560d-4811-aa47-106e20048767.png	park/migration/2026/08/08/pk00005_health_029.png
460a4832-2ed6-446f-b568-286ce4e73db5.png	park/migration/2026/08/08/pk00005_room_001.png
e86769a9-9fc1-4fb1-814f-0b34578dfb7a.png	park/migration/2026/08/08/pk00005_room_002.png
e416c3c9-6a3a-4750-8e4f-b7535117cd33.png	park/migration/2026/08/08/pk00005_room_003.png
e2edf3ea-b878-446c-90b8-a3593aa38375.png	park/migration/2026/08/08/pk00005_room_004.png
af0b8bb7-9282-43bc-afbb-2cc0b58f1c41.png	park/migration/2026/08/08/pk00005_room_005.png
5ca10811-4c58-491a-b69e-0a60b3807b39.png	park/migration/2026/08/08/pk00005_room_006.png
3d72b4d2-1993-4ba2-8a37-e13ff77876ad.png	park/migration/2026/08/08/pk00005_room_007.png
5f762546-4838-4e84-81c0-20f15d58d370.png	park/migration/2026/08/08/pk00006_000.png
94651f75-3b79-4105-9a07-65596c378d38.png	park/migration/2026/08/08/pk00006_001.png
08a8e6e4-c44d-4b82-9c81-042d0bd40b60.png	park/migration/2026/08/08/pk00006_002.png
ys-e3c31497-5a13-4e9c-8eb9-1d3f0d89bec5.png	park/migration/2026/08/08/pk00006_003.png
ys-b5d8b170-19de-4f7a-be35-9bb9fcd77314.png	park/migration/2026/08/08/pk00006_ent_030.png
ys-fb2b8cf7-4fcf-42d7-900b-1a370fc17484.png	park/migration/2026/08/08/pk00006_ent_031.png
ys-6ba3bc8d-0701-41ef-a97d-909d7e4005cf.png	park/migration/2026/08/08/pk00006_env_255.png
ys-a96fe083-bfb5-4136-b458-0a19892109a1.png	park/migration/2026/08/08/pk00006_env_256.png
ys-bfc7e13f-84c2-4b5e-89ee-0155f24891e4.png	park/migration/2026/08/08/pk00006_env_257.png
ys-a2009e5c-a3ba-4fe0-8819-6732389b4aeb.png	park/migration/2026/08/08/pk00006_health_032.png
ys-20a20b39-21d6-4e59-9e96-ad9c0c9e6077.png	park/migration/2026/08/08/pk00006_room_058.png
ys-7aca2226-cdde-4ee6-99b8-7932f72dd6d8.png	park/migration/2026/08/08/pk00006_room_059.png
ys-d07e8642-a7c3-4d27-a199-c7dca33552d1.png	park/migration/2026/08/08/pk00006_room_060.png
ys-86c928a7-99c6-4153-953e-f64a56e1c71d.png	park/migration/2026/08/08/pk00006_room_061.png
ys-7bc0ce7b-382a-4b62-b74a-9f709e94ceca.png	park/migration/2026/08/08/pk00006_room_062.png
ys-d89d9762-f6cc-41c6-b09e-ca3b60c24752.png	park/migration/2026/08/08/pk00006_room_063.png
ys-7ea99c6a-a7f0-4c0d-a2f6-55d85d9256d2.png	park/migration/2026/08/08/pk00006_room_064.png
ys-085b6868-ace1-4d4c-b3e3-b318ef84d112.png	park/migration/2026/08/08/pk00006_room_065.png
d1f7f8ad-37ec-48a5-9bf0-36662ef3b3a2.png	park/migration/2026/08/08/pk00007_000.png
cd07c1a2-3b7a-4bbb-83d3-323ed9281dd1.png	park/migration/2026/08/08/pk00007_001.png
38fddff0-4db2-4540-a279-a59d78b4d302.png	park/migration/2026/08/08/pk00007_002.png
17a1b402-b459-4ac1-a121-9757268b068e.png	park/migration/2026/08/08/pk00007_003.png
aae87774-5fd5-43e4-9752-17f0b704c573.png	park/migration/2026/08/08/pk00007_004.png
e53ab7ff-4604-4264-bd1e-c9fc19a1dc45.png	park/migration/2026/08/08/pk00007_env_251.png
c588500e-117f-4bd1-95d8-8319fe42fc09.png	park/migration/2026/08/08/pk00007_food_245.png
97d4e3ac-c1fb-4a37-b1ff-39fc396913bb.png	park/migration/2026/08/08/pk00007_food_246.png
07a49f5f-4890-407f-abb0-a129f4ea4d62.png	park/migration/2026/08/08/pk00007_food_247.png
c579013e-5edf-422c-9797-b10db74539c0.png	park/migration/2026/08/08/pk00007_health_033.png
49b1b420-7ecd-421b-8109-93615aec9aaa.png	park/migration/2026/08/08/pk00007_health_034.png
b274e7be-c6ec-4cea-b099-09caf02a7702.png	park/migration/2026/08/08/pk00007_room_040.png
4c5b6387-c0ed-42af-8dc7-c21cfd2538f4.png	park/migration/2026/08/08/pk00007_room_041.png
dda59f4e-d5f9-4d81-b706-aae152c04530.png	park/migration/2026/08/08/pk00007_room_042.png
0df4f929-3e06-419e-837d-4aaac8531967.png	park/migration/2026/08/08/pk00007_room_043.png
fedce538-8665-42a5-8ffa-1003f09d1455.png	park/migration/2026/08/08/pk00007_room_044.png
ddae624d-7156-4d23-a904-73482a54642e.png	park/migration/2026/08/08/pk00007_room_045.png
ys-bc122820-0e05-47e8-952e-c638b5e82931.png	park/migration/2026/08/08/pk00008_000.png
a64f49d9-55e8-4774-934b-ac4aaeca9571.jpg	park/migration/2026/08/08/pk00008_001.jpg
ys-1cb23aff-0eda-4302-a282-5ac95c91f8cb.png	park/migration/2026/08/08/pk00008_002.png
0ec1e1a1-d240-4b54-b1fa-6200ad7bace2.png	park/migration/2026/08/08/pk00008_003.png
f12b75fe-7bb8-445f-bf69-bb04a7c9c48c.png	park/migration/2026/08/08/pk00008_004.png
1ac00bb7-c054-4fee-90e4-478da95db618.jpg	park/migration/2026/08/08/pk00008_ent_035.jpg
a6923a06-7695-4368-8813-c3e1a909a4bb.jpg	park/migration/2026/08/08/pk00008_ent_036.jpg
1e2b568f-74c2-4939-bfa4-7a4dc407e8bf.jpg	park/migration/2026/08/08/pk00008_ent_037.jpg
a137e49a-6f21-4f0f-9feb-007dfce60ff4.jpg	park/migration/2026/08/08/pk00008_ent_038.jpg
a0bbf697-af28-4366-bb75-8b8097829b10.jpg	park/migration/2026/08/08/pk00008_ent_039.jpg
563a173a-5915-4d3b-9c74-16f6e73c2d79.jpg	park/migration/2026/08/08/pk00008_ent_040.jpg
781303d4-30b2-48af-b000-9a4264083815.jpg	park/migration/2026/08/08/pk00008_ent_041.jpg
21d16221-ec5b-45a2-8558-30b6da4b1029.jpg	park/migration/2026/08/08/pk00008_ent_042.jpg
861a39c1-7cdb-4e57-a1fe-bf6bc2e024d5.jpg	park/migration/2026/08/08/pk00008_ent_043.jpg
ys-7aace1d5-3839-4706-b3e8-d844a5495f2d.png	park/migration/2026/08/08/pk00008_env_304.png
ys-f155b7f9-a621-4f84-b8bb-8ed8802022c3.png	park/migration/2026/08/08/pk00008_env_305.png
ys-f1945e65-3521-4d91-815a-8bf77cc41e74.png	park/migration/2026/08/08/pk00008_env_306.png
ys-5a1e5eaa-610b-4a5b-9923-3780c7111fd9.png	park/migration/2026/08/08/pk00008_env_307.png
58e964b6-e037-49c5-a824-1582d17b21ea.jpg	park/migration/2026/08/08/pk00008_food_292.jpg
70158cd5-724e-4413-a8ba-c5ba960533d3.jpg	park/migration/2026/08/08/pk00008_food_293.jpg
aedf25a1-cbe1-4745-ba29-9854ac2075e0.jpg	park/migration/2026/08/08/pk00008_food_294.jpg
96937190-69f3-4485-9806-17e8832b4c6a.jpg	park/migration/2026/08/08/pk00008_food_295.jpg
8b737f83-a1fe-4978-8285-6fbf3bdfe945.jpg	park/migration/2026/08/08/pk00008_food_296.jpg
9abff950-587d-44c3-a055-8f96f3184163.jpg	park/migration/2026/08/08/pk00008_food_297.jpg
ys-fb5a9e62-1676-4564-866b-d122f9cc4cbb.png	park/migration/2026/08/08/pk00008_health_044.png
d3fbd432-72a4-40f1-990f-1c522f92c7eb.png	park/migration/2026/08/08/pk00008_health_045.png
4168cc3b-1a2e-4b94-91aa-4ce94001ed45.png	park/migration/2026/08/08/pk00008_health_046.png
ys-82aaf8f9-75d7-4094-a89e-987b2405f3ce.png	park/migration/2026/08/08/pk00008_health_047.png
ys-9a9af911-7ab4-4e09-bc72-b0a1f69e67d5.png	park/migration/2026/08/08/pk00008_health_048.png
ys-d2bd6867-babc-448f-a6d8-53aad6277f39.png	park/migration/2026/08/08/pk00008_health_049.png
ys-d81ef83d-33c7-4bed-88cf-7cd79d1128bb.png	park/migration/2026/08/08/pk00008_health_050.png
ys-6ff2e84e-df2a-4847-abc6-a3e1621cf018.png	park/migration/2026/08/08/pk00008_health_051.png
f2a8f392-3503-4c89-ac71-72c521b99536.png	park/migration/2026/08/08/pk00008_room_078.png
ca0f8bb0-4888-408c-8a39-7fbbcd4c0b1c.png	park/migration/2026/08/08/pk00008_room_079.png
339153c8-1dd6-4ec5-bc7f-86aa3f5027b9.png	park/migration/2026/08/08/pk00008_room_080.png
9aa23c2b-8623-400e-8367-d904411b279b.png	park/migration/2026/08/08/pk00008_room_081.png
695b0c08-04bf-4902-82c6-5c4d37e9be8d.png	park/migration/2026/08/08/pk00008_room_082.png
645ad141-2b68-4844-bd64-6c30c35e7969.png	park/migration/2026/08/08/pk00008_room_083.png
bad74937-cada-484c-81ab-b3b3d3fe8a78.png	park/migration/2026/08/08/pk00008_room_084.png
9b4d0305-7701-4835-a551-38c9bbf74d63.png	park/migration/2026/08/08/pk00008_room_085.png
624296bc-4444-448f-8690-733b7340f882.png	park/migration/2026/08/08/pk00008_room_086.png
8edfc0c0-fdb2-49b9-9f0b-0b30e6243cc4.png	park/migration/2026/08/08/pk00008_room_087.png
e0ce8714-df68-4fdd-8ce3-3443818e5114.png	park/migration/2026/08/08/pk00008_room_088.png
b5b7f0f1-bfa0-4114-be8d-666adf21ada1.png	park/migration/2026/08/08/pk00008_room_089.png
0ee10aef-e251-4308-aa89-7bc3af072631.png	park/migration/2026/08/08/pk00008_room_090.png
827b4806-a726-4991-880c-abd4e5bcdb07.png	park/migration/2026/08/08/pk00008_room_091.png
2151c9ae-6cc0-4beb-8dba-5c344bbc3d86.png	park/migration/2026/08/08/pk00008_room_092.png
c8fce71d-1efc-4b0f-8f4f-0054080a1af7.png	park/migration/2026/08/08/pk00008_room_093.png
15ee57d9-7e7d-4dec-99e6-457777dd74a0.png	park/migration/2026/08/08/pk00008_room_094.png
0f17cee5-5f2b-4520-871a-183b0991dad0.png	park/migration/2026/08/08/pk00008_room_095.png
36f039ff-cceb-4c82-a894-decf282e3a63.png	park/migration/2026/08/08/pk00008_room_096.png
7e2714b2-fe44-4392-b7c6-0f32e0624822.png	park/migration/2026/08/08/pk00008_room_097.png
5ed81fc0-aee0-4a95-a531-716de00dac0e.png	park/migration/2026/08/08/pk00008_room_098.png
9ceeb882-7d20-4135-98c3-e474a8a94498.png	park/migration/2026/08/08/pk00008_room_099.png
0f993519-04f0-454a-9e5b-88c2b5d83bee.png	park/migration/2026/08/08/pk00008_room_100.png
5c4c463f-6b00-48a7-bc3f-826b08ce4dd0.png	park/migration/2026/08/08/pk00008_room_101.png
abfa1699-70a8-4748-8bdb-92416cf35963.png	park/migration/2026/08/08/pk00008_room_102.png
c09c542f-7283-4754-a339-7bcb5b4d40bc.png	park/migration/2026/08/08/pk00008_room_103.png
e1e32822-1003-458f-b6ac-c89d9ad1e2be.png	park/migration/2026/08/08/pk00008_room_104.png
adea6ea0-833c-4f2c-8fee-9fc29f344510.png	park/migration/2026/08/08/pk00008_room_105.png
2442c1f4-4901-4e2b-a854-1de7538aaad0.png	park/migration/2026/08/08/pk00008_room_106.png
ys-7930470e-21be-4d68-bcac-b69590e7a588.png	park/migration/2026/08/08/pk00009_000.png
ys-361ae4f0-1747-4655-a464-f951c163c7f2.png	park/migration/2026/08/08/pk00009_001.png
ys-5fd7dba2-d16a-4ad3-a285-1f876caae282.png	park/migration/2026/08/08/pk00009_002.png
ys-0eb88ebf-a21c-42c2-aaaa-31eb0805d84b.png	park/migration/2026/08/08/pk00009_003.png
ys-db354593-c41c-4b12-b178-fb0b225fda52.png	park/migration/2026/08/08/pk00009_004.png
ys-2faa2df3-0201-4236-a291-69c11fb3bcec.png	park/migration/2026/08/08/pk00009_ent_052.png
ys-ca805d64-2686-4b0b-be8b-c64ba9d23a26.png	park/migration/2026/08/08/pk00009_ent_053.png
ys-9c23f99c-98f5-4095-965d-ea5bfa34aa77.png	park/migration/2026/08/08/pk00009_ent_054.png
ys-ac8dfa73-3b05-41f4-ae8a-786866672601.png	park/migration/2026/08/08/pk00009_ent_055.png
ys-53827330-d4fc-4cbf-86b7-132812e5c3e8.png	park/migration/2026/08/08/pk00009_env_254.png
ys-abb0fcbe-af00-42d4-9c2f-7d5a088cd0c8.png	park/migration/2026/08/08/pk00009_food_252.png
ys-1611fb27-215d-4b3d-9b2e-33bc6750e1cc.png	park/migration/2026/08/08/pk00009_health_056.png
ys-ebb43328-d5d0-4839-a41a-21404f9f3b94.png	park/migration/2026/08/08/pk00009_health_057.png
ys-2a144065-21dd-426e-959a-509f3d77ecc9.png	park/migration/2026/08/08/pk00009_room_046.png
ys-73b80e66-c865-4655-b0c2-bcaddc1bdea0.png	park/migration/2026/08/08/pk00009_room_047.png
ys-5011035a-a882-4162-829b-bbf5e7e8a647.png	park/migration/2026/08/08/pk00009_room_048.png
ys-b86068a1-c469-47dd-abc8-47558f6dc86d.png	park/migration/2026/08/08/pk00009_room_049.png
ys-2cac007a-d1a7-4521-a874-0b9d9649c941.png	park/migration/2026/08/08/pk00009_room_050.png
ys-19343f1c-3b22-4a26-8091-700d3c80810a.png	park/migration/2026/08/08/pk00009_room_051.png
ys-36249cd3-63a6-4ea6-b657-b585bcdecf6e.png	park/migration/2026/08/08/pk00009_room_052.png
ys-1c22cefc-34e9-4442-b444-8ae8f2e81149.png	park/migration/2026/08/08/pk00009_room_053.png
ys-bdab9e98-712a-49ca-8789-eea41a3db40d.png	park/migration/2026/08/08/pk00009_room_054.png
ys-3a0e3fdc-16c3-415a-9068-e9af0a60b69e.png	park/migration/2026/08/08/pk00009_room_055.png
ys-d8ce00cc-6e9b-4883-b78a-c2bfb77041e6.png	park/migration/2026/08/08/pk00009_room_056.png
ys-5f6f71d1-5460-49cc-823d-c7dab8f74f1f.png	park/migration/2026/08/08/pk00009_room_057.png
ys-e076dfd7-8e6b-41c9-8ea2-1b53879899af.png	park/migration/2026/08/08/pk00010_000.png
ys-3ed76c30-7582-4610-9c94-1aa7919ed492.png	park/migration/2026/08/08/pk00010_001.png
ys-a3ed4ae0-88aa-43b0-b6b0-42cb71806e2a.png	park/migration/2026/08/08/pk00010_002.png
ys-bf9b3d7a-cff2-46ad-9207-e5d3597ba3a3.png	park/migration/2026/08/08/pk00010_003.png
ys-6576a02d-b1ba-4bc3-a0f6-df09b67dffe5.png	park/migration/2026/08/08/pk00010_004.png
ys-5181c09d-5e5d-4003-b5ad-34ae48813a70.png	park/migration/2026/08/08/pk00010_ent_058.png
ys-d89c0173-7168-4a62-b802-35a860f1d617.png	park/migration/2026/08/08/pk00010_ent_059.png
ys-d4d7e9d7-c283-4a13-9c3f-a8d903be5539.png	park/migration/2026/08/08/pk00010_ent_060.png
ys-08d243cc-ea69-498d-951f-3a42302ba2bf.png	park/migration/2026/08/08/pk00010_ent_061.png
ys-f777de27-ecd9-4523-95b5-21667dd1e8fc.png	park/migration/2026/08/08/pk00010_ent_062.png
ys-090eaa02-192e-457e-a90d-9b1f0cebe805.png	park/migration/2026/08/08/pk00010_ent_063.png
ys-e6fd2efb-9deb-4ef9-a67b-7174b5d82049.png	park/migration/2026/08/08/pk00010_ent_064.png
ys-e5c23513-18ef-4093-907e-bae6ccf6c93e.png	park/migration/2026/08/08/pk00010_ent_065.png
ys-c9812db1-caa8-4ce8-9b1e-285e8248f08e.png	park/migration/2026/08/08/pk00010_ent_066.png
ys-4c35ac41-638c-452b-85a1-7fc597d494f4.png	park/migration/2026/08/08/pk00010_ent_067.png
ys-a620b090-e8f2-4c15-9e83-9a1cc0eaec8d.png	park/migration/2026/08/08/pk00010_ent_068.png
ys-c7bc93e5-b2f5-4952-b141-8728d8bcb071.png	park/migration/2026/08/08/pk00010_env_169.png
ys-c8b8e58c-a4db-4b6c-bc89-bbc867d32ec5.png	park/migration/2026/08/08/pk00010_env_170.png
ys-5191bdbe-20ca-4aad-93df-aeed8ec10dd8.png	park/migration/2026/08/08/pk00010_env_171.png
ys-4ffd826e-8caa-4801-8794-bbc093b45b9f.png	park/migration/2026/08/08/pk00010_env_172.png
ys-8c543ff7-13ee-494d-a813-865c6963886b.png	park/migration/2026/08/08/pk00010_env_173.png
ys-ce1bec3b-a4b0-40fc-a594-7d83079456d7.png	park/migration/2026/08/08/pk00010_env_174.png
ys-bdd4ab63-4349-49aa-b342-584bc7229881.png	park/migration/2026/08/08/pk00010_env_175.png
ys-4ac95679-5912-4522-b516-0dd5416c50a9.png	park/migration/2026/08/08/pk00010_env_176.png
ys-cc907921-0a13-4d7b-9d40-6003c40a6e81.png	park/migration/2026/08/08/pk00010_env_177.png
ys-c488d3d3-fbaa-453d-b572-01d0ff775411.png	park/migration/2026/08/08/pk00010_food_165.png
ys-de4bd524-a205-4247-8355-4828e2d42381.png	park/migration/2026/08/08/pk00010_food_166.png
ys-3bc6f9d2-5b72-4970-8a2e-7e39340246ca.png	park/migration/2026/08/08/pk00010_health_069.png
ys-08ef3a44-b242-4df6-8ab8-ecd4b81c9918.png	park/migration/2026/08/08/pk00010_room_000.png
ys-d05d97f4-18db-4582-8a8d-d37e43548c7b.png	park/migration/2026/08/08/pk00011_000.png
ys-51f4a879-02f5-495b-8338-bc962cf0df9a.png	park/migration/2026/08/08/pk00011_001.png
ys-97fe5932-4ae5-4ec3-9177-32fbc56f901c.png	park/migration/2026/08/08/pk00011_002.png
ys-93ca7200-b89a-48a2-8488-f144a13444b7.png	park/migration/2026/08/08/pk00011_003.png
ys-f160cf50-3192-45de-94cb-1a70840af7cd.png	park/migration/2026/08/08/pk00011_004.png
ys-d30a3a09-5885-4943-aab5-4b4b92a5d0c4.png	park/migration/2026/08/08/pk00011_005.png
ys-bb246347-2708-4f31-9bc1-1249a9366507.png	park/migration/2026/08/08/pk00011_006.png
ys-2e3edd28-7d7f-4525-ae0c-0cfc34a0d049.png	park/migration/2026/08/08/pk00011_ent_070.png
ys-ab413eee-be77-4639-a14e-70f19d499137.png	park/migration/2026/08/08/pk00011_ent_071.png
ys-37c9f0c0-4975-4b36-ba68-280047f5a443.png	park/migration/2026/08/08/pk00011_ent_072.png
ys-599f38af-c45d-4c8e-83bb-ea01ad614fae.png	park/migration/2026/08/08/pk00011_ent_073.png
ys-980cf6fe-c18d-4f87-ae04-4ea8887290da.png	park/migration/2026/08/08/pk00011_ent_074.png
ys-119b1f58-65b0-4ebe-8312-87bfa4fce495.png	park/migration/2026/08/08/pk00011_ent_075.png
ys-4ddc8960-9042-430e-b5fd-b348dd68aa06.png	park/migration/2026/08/08/pk00011_ent_076.png
ys-f0727685-9a00-4dda-a137-03a3a22c4f6d.png	park/migration/2026/08/08/pk00011_env_201.png
ys-3674da79-fc07-42ec-ba7a-7cd960ff2975.png	park/migration/2026/08/08/pk00011_env_202.png
ys-e81be419-d21f-4cf6-89ae-9215b98d5efb.png	park/migration/2026/08/08/pk00011_env_203.png
ys-bb2805fe-3709-437f-91a7-588009fce6ea.png	park/migration/2026/08/08/pk00011_env_204.png
ys-ee653da6-3102-4a1f-a658-ff60b2698bce.png	park/migration/2026/08/08/pk00011_env_205.png
ys-17691fb4-cd8d-4893-b300-a79410baefec.png	park/migration/2026/08/08/pk00011_env_206.png
ys-1efee47b-e614-4c9f-9c77-c8d7d6520b4f.png	park/migration/2026/08/08/pk00011_env_207.png
ys-c94871b1-8b10-4c3b-a1fa-dd3589892111.png	park/migration/2026/08/08/pk00011_env_208.png
ys-ee51f118-ff89-4659-b2fd-aa5ba81b1cdf.png	park/migration/2026/08/08/pk00011_env_209.png
ys-9313892c-4747-423f-9c85-12927680ac7e.png	park/migration/2026/08/08/pk00011_food_185.png
ys-d754c66c-4533-4694-8c64-a173191a4a79.png	park/migration/2026/08/08/pk00011_food_186.png
ys-20098c15-aa19-4cd9-b15e-e0fb282bece3.png	park/migration/2026/08/08/pk00011_food_187.png
ys-ffb7915e-558d-4380-ae5a-b23670635375.png	park/migration/2026/08/08/pk00011_food_188.png
ys-a54d9fea-51aa-42df-8d6d-c415240a3931.png	park/migration/2026/08/08/pk00011_food_189.png
ys-cfeb39b6-8035-4799-baa1-d19bc335da4f.png	park/migration/2026/08/08/pk00011_food_190.png
ys-84418d35-f665-4cf7-be2c-fdf08ca5b935.png	park/migration/2026/08/08/pk00011_food_191.png
ys-9408debd-243e-451a-9883-4b94e8277e77.png	park/migration/2026/08/08/pk00011_food_192.png
ys-72d4a8bb-7be6-40bf-b332-18cf00c40e13.png	park/migration/2026/08/08/pk00011_health_077.png
ys-fe4722eb-f578-460d-8af9-e3692a11f82e.png	park/migration/2026/08/08/pk00011_health_078.png
ys-69139085-4faa-487a-a5da-a3489814ed02.png	park/migration/2026/08/08/pk00011_health_079.png
ys-bef893e7-9eed-40ca-b9b8-dd139ff22e00.png	park/migration/2026/08/08/pk00011_health_080.png
ys-a1e19cab-350d-4ff3-939a-60f012d44a6d.png	park/migration/2026/08/08/pk00011_health_081.png
ys-126fd7e3-4c18-446c-b54d-467950598c81.png	park/migration/2026/08/08/pk00011_health_082.png
ys-0951e0da-fdf6-40c1-a9a5-42694b4c666c.png	park/migration/2026/08/08/pk00011_health_083.png
ys-939ed870-156e-470e-8f0c-e923996c6502.png	park/migration/2026/08/08/pk00011_health_084.png
ys-77cf9ad4-c17a-403a-b7ba-da846250cd56.png	park/migration/2026/08/08/pk00011_room_008.png
ys-04b9a654-29a0-49af-aca5-fa32c3b36874.png	park/migration/2026/08/08/pk00011_room_009.png
ys-a4c577a2-c91f-4ca0-a8e3-3fc4db924b00.png	park/migration/2026/08/08/pk00011_room_010.png
ys-f37babab-f73a-4dfd-8560-05ec9deb9f62.png	park/migration/2026/08/08/pk00011_room_011.png
ys-8386f957-99f4-4780-896c-0ef6ff10c84e.png	park/migration/2026/08/08/pk00011_room_012.png
ys-bfca4c3d-1ebb-48c9-98f4-2594f35f01a0.png	park/migration/2026/08/08/pk00011_room_013.png
ys-cccf90db-02f7-467c-b0fb-ba27ef69f031.png	park/migration/2026/08/08/pk00011_room_014.png
ys-411141f6-6055-4298-980a-d01e1ac535ea.png	park/migration/2026/08/08/pk00011_room_015.png
ys-6fbd36a9-215f-4b37-872c-dcdac6bc4e0d.png	park/migration/2026/08/08/pk00011_room_016.png
ys-d1dcabdf-62c7-44a0-b0b3-58caab05ed08.png	park/migration/2026/08/08/pk00011_room_017.png
ys-6dbfc473-ad73-4174-9e09-b436d4c77ac2.png	park/migration/2026/08/08/pk00011_room_018.png
6c8c18f8-c3bc-44e8-8a8f-025aa2d69e48.jpg	park/migration/2026/08/08/pk00012_000.jpg
ys-c90f972d-2eaa-4f26-8f9a-bcd908a5084d.png	park/migration/2026/08/08/pk00012_001.png
febe4a1f-a5f0-4ed7-9f8e-18fc2fc610d3.jpg	park/migration/2026/08/08/pk00012_002.jpg
ys-8df25577-b852-4b29-92f4-8afbc3dde356.png	park/migration/2026/08/08/pk00012_003.png
ys-4b02b6c3-bcb1-42fb-bdcb-0ee63af03fce.png	park/migration/2026/08/08/pk00012_ent_085.png
e332ec0e-f0cf-4da4-8a30-e1ed6f55feb8.jpg	park/migration/2026/08/08/pk00012_ent_086.jpg
10b9a1fa-9824-41d1-ac30-d70feeb42ab2.jpg	park/migration/2026/08/08/pk00012_ent_087.jpg
ed495c39-f25e-4a60-a484-679b00566d9f.jpg	park/migration/2026/08/08/pk00012_env_287.jpg
ys-05f94c53-6962-4703-878b-959bf1efcd9b.png	park/migration/2026/08/08/pk00012_env_288.png
4a280a4a-8458-4676-920c-1c5a047b2c86.jpg	park/migration/2026/08/08/pk00012_env_289.jpg
2a3c14f6-e6ef-44d4-bccf-1605e74e9c20.jpg	park/migration/2026/08/08/pk00012_env_290.jpg
40b931fb-963f-4bad-ab65-cc50c331cc40.jpg	park/migration/2026/08/08/pk00012_env_291.jpg
d1deec7e-5ba8-4cb7-a8aa-5cb9ef99d1fa.jpg	park/migration/2026/08/08/pk00012_food_275.jpg
ys-9db00d30-ae50-468e-a696-d4bcf5aeb5d2.png	park/migration/2026/08/08/pk00012_food_276.png
ys-a1eb52ec-609e-4c82-a4d0-d4d93e560e92.png	park/migration/2026/08/08/pk00012_food_277.png
f2cf02c1-1547-4fee-84f1-31cb710435ab.jpg	park/migration/2026/08/08/pk00012_food_278.jpg
b09b0678-cab8-41e2-9943-0f33d3f106b1.jpg	park/migration/2026/08/08/pk00012_food_279.jpg
c1ca14e4-085c-4c8a-a1a1-28085f8ac370.jpg	park/migration/2026/08/08/pk00012_food_280.jpg
e6e96292-d772-4cf3-8a68-8042b136f89d.png	park/migration/2026/08/08/pk00012_health_088.png
0acccc29-86be-4cc4-beac-e426d48a6a01.png	park/migration/2026/08/08/pk00012_health_089.png
cae9392e-3ee5-477d-b4a8-7c3e3833fbfa.png	park/migration/2026/08/08/pk00012_health_090.png
1eb26812-a032-4457-b9bf-40abf602abb1.jpg	park/migration/2026/08/08/pk00012_health_091.jpg
ys-51dc6176-4fd2-49c3-8a23-92030d67a63d.png	park/migration/2026/08/08/pk00012_room_071.png
ys-326c72a8-a02a-4327-8b3c-ae912283f113.png	park/migration/2026/08/08/pk00012_room_072.png
ys-833c7497-8745-4aa7-9fe6-fd46bdc85b4a.png	park/migration/2026/08/08/pk00012_room_073.png
ys-5f2b8e2f-cb59-4ff7-9854-115b3ee6d618.png	park/migration/2026/08/08/pk00012_room_074.png
ys-c9f93a69-21c8-4483-bff0-e0bb6398aa12.png	park/migration/2026/08/08/pk00012_room_075.png
ys-c5c87f8b-7ade-41ee-aa77-c9a5fdfb4174.png	park/migration/2026/08/08/pk00012_room_076.png
ys-7b8cba60-26ec-46e5-9a96-e5960b7ac64c.png	park/migration/2026/08/08/pk00012_room_077.png
0659e2c5-29ee-475e-9801-038e3937f3bd.jpg	park/migration/2026/08/08/pk00013_000.jpg
74a46e1f-133d-4223-919c-c4f253137e11.jpg	park/migration/2026/08/08/pk00013_001.jpg
4e173053-8bf3-4088-9b91-ce9a057e51d2.jpg	park/migration/2026/08/08/pk00013_002.jpg
f23dbc85-2946-41c5-940b-fa75f0381870.jpg	park/migration/2026/08/08/pk00013_003.jpg
5e3604c4-5d44-4e8a-b108-eadb0d7ac97e.jpg	park/migration/2026/08/08/pk00013_004.jpg
af0b5aab-c3ed-4c6b-8dd2-c1cca76445aa.jpg	park/migration/2026/08/08/pk00013_005.jpg
983894c7-9c9c-49d3-b0cc-c91098767140.jpg	park/migration/2026/08/08/pk00013_ent_092.jpg
e3ef601a-6b53-4efa-9f21-80983bb29f6f.jpg	park/migration/2026/08/08/pk00013_ent_093.jpg
187734d8-7a7e-43e0-be01-e09aa03e0cb4.jpg	park/migration/2026/08/08/pk00013_ent_094.jpg
c77c0286-c605-45ca-b1e4-b1bcaf3a5a81.jpg	park/migration/2026/08/08/pk00013_ent_095.jpg
0676b7dc-e98c-4d44-b961-cd1bfea36ced.jpg	park/migration/2026/08/08/pk00013_ent_096.jpg
39c4d53b-b109-47f4-9348-a3add9d72962.jpg	park/migration/2026/08/08/pk00013_ent_097.jpg
6781df9a-65f4-4750-9095-84b902e72de1.jpg	park/migration/2026/08/08/pk00013_ent_098.jpg
23502285-86b5-4de8-8842-55dc585d8e4c.jpg	park/migration/2026/08/08/pk00013_ent_099.jpg
272d038f-ad39-4d76-bbbe-7660efb4e1d3.jpg	park/migration/2026/08/08/pk00013_ent_100.jpg
4c66c9bc-ec1b-468c-a86a-841012c2b238.jpg	park/migration/2026/08/08/pk00013_ent_101.jpg
8d77e390-872f-4e0a-a3db-b3d5f70fcfb0.jpg	park/migration/2026/08/08/pk00013_env_266.jpg
dbb2a097-ea5d-411e-bf1d-5e001fabeee3.jpg	park/migration/2026/08/08/pk00013_env_267.jpg
513b84c1-4c87-4e89-b38a-f2b58f73c46f.jpg	park/migration/2026/08/08/pk00013_env_268.jpg
f83e4d95-f612-4d9f-a4f1-0a06241f53b1.jpg	park/migration/2026/08/08/pk00013_env_269.jpg
4275370b-d58e-403f-aea2-eba7f428157f.jpg	park/migration/2026/08/08/pk00013_env_270.jpg
cdb2f4dc-5eb5-4ab7-9358-6e449670fc47.jpg	park/migration/2026/08/08/pk00013_env_271.jpg
62a11a14-ac4e-4c62-baca-d8cf9ae8d3c8.jpg	park/migration/2026/08/08/pk00013_env_272.jpg
00d474a3-3876-401b-aa09-680b0f527f0d.jpg	park/migration/2026/08/08/pk00013_env_273.jpg
590c80bd-a60f-4a46-8c8f-604c843accd1.jpg	park/migration/2026/08/08/pk00013_env_274.jpg
f54b75b9-e2ee-482b-8fe9-764ef4256d77.jpg	park/migration/2026/08/08/pk00013_food_258.jpg
1a400270-06bc-4633-b0e9-d8de55e5b26e.jpg	park/migration/2026/08/08/pk00013_food_259.jpg
5b6b6527-82c7-4241-97ee-e20dba4cd1b9.jpg	park/migration/2026/08/08/pk00013_food_260.jpg
47e811ef-bfe1-447f-a569-9d835811387b.jpg	park/migration/2026/08/08/pk00013_food_261.jpg
b0f4e73c-8a3e-4cd7-b1da-89979a476107.jpg	park/migration/2026/08/08/pk00013_health_102.jpg
7203de82-5a43-48af-8a30-4f43eed608bf.jpg	park/migration/2026/08/08/pk00013_room_066.jpg
5c0edae1-f959-4aa7-b67b-ad24d570102d.jpg	park/migration/2026/08/08/pk00013_room_067.jpg
0f113448-0e29-44f9-aa78-879fa256ccac.jpg	park/migration/2026/08/08/pk00013_room_068.jpg
32724aff-4155-486b-aceb-28e1a17ec6c6.jpg	park/migration/2026/08/08/pk00013_room_069.jpg
f0ec65b6-fdf7-439b-b5a8-c5624a7c73b2.jpg	park/migration/2026/08/08/pk00013_room_070.jpg
d167137d-bcbd-4c70-b067-e64e368cd878.jpg	park/migration/2026/08/08/pk00014_000.jpg
e97527d0-9161-4fd6-94e3-c1d61a010fe9.jpg	park/migration/2026/08/08/pk00014_001.jpg
62503988-a88e-4d6a-af81-9d685505b510.jpg	park/migration/2026/08/08/pk00014_002.jpg
40637224-b3e2-4101-b05b-2d670cf5dee4.jpg	park/migration/2026/08/08/pk00014_003.jpg
0f25c480-e0af-4e17-be5d-49d915c73541.jpg	park/migration/2026/08/08/pk00014_004.jpg
f3d3048f-d208-43f2-aa87-93a94293ea71.jpg	park/migration/2026/08/08/pk00014_ent_103.jpg
1cc5d8cb-379d-4f87-b5dc-6e49c85bde84.jpg	park/migration/2026/08/08/pk00014_ent_104.jpg
440abcb5-48e6-4cd9-8bfa-47d46d6065d4.jpg	park/migration/2026/08/08/pk00014_ent_105.jpg
5bf13cb4-3e08-42d2-be55-f8ce0bdf6481.jpg	park/migration/2026/08/08/pk00014_env_212.jpg
9b9306e1-fab0-465b-9609-17c30c169f38.jpg	park/migration/2026/08/08/pk00014_env_213.jpg
5f2d6bf5-69ee-458c-bc97-ebd0c6afa19d.jpg	park/migration/2026/08/08/pk00014_env_214.jpg
a87d4612-c133-4f1e-80c5-e98452c1f907.jpg	park/migration/2026/08/08/pk00014_env_215.jpg
e095ee97-c1ef-4752-9562-f9384e055d84.jpg	park/migration/2026/08/08/pk00014_env_216.jpg
8e63d4c4-c6d9-45bc-a310-018394fb6100.jpg	park/migration/2026/08/08/pk00014_env_217.jpg
38c33ac8-6e6c-4c4b-82d4-88ffeb17ef22.jpg	park/migration/2026/08/08/pk00014_food_210.jpg
7c01393c-b8c9-4122-9c61-ac3d902d3caa.jpg	park/migration/2026/08/08/pk00014_health_106.jpg
92541fa6-1262-4774-a39b-86ef70988af1.jpg	park/migration/2026/08/08/pk00014_room_019.jpg
11afc0cd-6750-43e6-8d8b-8c67267ac360.jpg	park/migration/2026/08/08/pk00014_room_020.jpg
6960a569-11aa-49b0-9545-c806b6c7968b.jpg	park/migration/2026/08/08/pk00014_room_021.jpg
0cbf421e-8f49-4506-8716-9cd92635feec.jpg	park/migration/2026/08/08/pk00014_room_022.jpg
c5f658f2-236f-47bb-a4df-c87f1eafb226.jpg	park/migration/2026/08/08/pk00014_room_023.jpg
1be7f094-7c81-4674-a395-600b23e559ed.jpg	park/migration/2026/08/08/pk00014_room_024.jpg
f2d0e489-f726-44e8-98dd-d54f8de207d0.jpg	park/migration/2026/08/08/pk00014_room_025.jpg
51b5ebe6-70f5-49fb-b43a-d9832e716b14.jpg	park/migration/2026/08/08/pk00015_000.jpg
44b4fcbc-e9f8-4ac3-88d0-eec604572ac1.jpg	park/migration/2026/08/08/pk00015_001.jpg
ae0c97fe-26e6-4a9d-abd7-987ab168342d.jpg	park/migration/2026/08/08/pk00015_002.jpg
27038913-4152-4816-b657-6525b4830afc.jpg	park/migration/2026/08/08/pk00015_003.jpg
1a831d8a-a829-41c8-8b95-135ef78a213c.jpg	park/migration/2026/08/08/pk00015_004.jpg
28805d8f-1dbf-41c9-8485-12b5c43ff4e3.jpg	park/migration/2026/08/08/pk00015_ent_107.jpg
fc0acb84-ad18-4d1d-bb1c-f295041a480a.jpg	park/migration/2026/08/08/pk00015_ent_108.jpg
2c6b2206-ff08-4b86-9f8c-1b732332b8a7.jpg	park/migration/2026/08/08/pk00015_ent_109.jpg
91542834-8b44-41ea-915d-5a89af66a801.jpg	park/migration/2026/08/08/pk00015_env_312.jpg
4c885c66-ca59-44fb-87ae-86a178ae2fca.jpg	park/migration/2026/08/08/pk00015_env_313.jpg
49b29a9a-00c3-497e-a7b3-9c0f290e0e87.jpg	park/migration/2026/08/08/pk00015_env_314.jpg
30330443-d5d6-4f70-97b1-e26a3ec95428.jpg	park/migration/2026/08/08/pk00015_env_315.jpg
303576a6-14c4-4fd7-8ef2-2aab912f0219.jpg	park/migration/2026/08/08/pk00015_env_316.jpg
106ac316-4cc4-4ebb-a3b4-a90bea96e985.jpg	park/migration/2026/08/08/pk00015_env_317.jpg
3fda1188-915a-4a6e-a9d0-ddc3bab87d6b.jpg	park/migration/2026/08/08/pk00015_env_318.jpg
13ef6dcd-c843-4217-86e8-98cbf62b47a4.jpg	park/migration/2026/08/08/pk00015_env_319.jpg
0ed61c90-fa19-4164-9309-ace7de4efb6b.jpg	park/migration/2026/08/08/pk00015_env_320.jpg
41906437-b48a-4015-ab47-47b67fd2aaa7.jpg	park/migration/2026/08/08/pk00015_env_321.jpg
ccbc3602-7f58-4f1f-be33-ec5778993faf.jpg	park/migration/2026/08/08/pk00015_env_322.jpg
5e046e6b-8e81-4586-b2d0-eab7d45e47aa.jpg	park/migration/2026/08/08/pk00015_env_323.jpg
4c1643b0-26ab-46d5-9fc9-fed254e8936e.jpg	park/migration/2026/08/08/pk00015_env_324.jpg
14c83a46-98cb-43bb-ba0e-1e6c0b911478.jpg	park/migration/2026/08/08/pk00015_env_325.jpg
a37353fe-39ac-4275-aa58-0eaca8970be9.jpg	park/migration/2026/08/08/pk00015_food_308.jpg
1177b7ca-91fd-4252-b7b8-aeb046783594.jpg	park/migration/2026/08/08/pk00015_food_309.jpg
6dcaa8c1-eacd-4b22-8fe0-654ae4a4ca6d.jpg	park/migration/2026/08/08/pk00015_health_110.jpg
c683b910-50f6-458d-b723-9b7d3cfd5837.jpg	park/migration/2026/08/08/pk00015_health_111.jpg
fd550326-1f7b-4a72-a00d-323f8209e64e.jpg	park/migration/2026/08/08/pk00015_room_107.jpg
5d4d8234-c2b5-420c-b7cc-f3f0d24630dd.jpg	park/migration/2026/08/08/pk00015_room_108.jpg
94f5d190-78ab-431f-91b9-38887218bf14.jpg	park/migration/2026/08/08/pk00015_room_109.jpg
83607964-7fbe-413d-899b-c4fb9e8522dd.jpg	park/migration/2026/08/08/pk00015_room_110.jpg
47a18ff6-cdb7-4203-8b16-e8b075f4abfb.jpg	park/migration/2026/08/08/pk00015_room_111.jpg
d1dd7668-6a0d-40ba-aee4-3cb27ed5ebf5.jpg	park/migration/2026/08/08/pk00015_room_112.jpg
1863e39c-3d9b-474c-bbac-cb47181d0946.jpg	park/migration/2026/08/08/pk00015_room_113.jpg
55e722a4-1395-4575-bbce-9829be41a33c.jpg	park/migration/2026/08/08/pk00015_room_114.jpg
22e9f968-c2ae-4b8e-86c9-3a1756dd303a.jpg	park/migration/2026/08/08/pk00015_room_115.jpg
02904063-5b99-4644-a03c-1bff18704c9b.jpg	park/migration/2026/08/08/pk00015_room_116.jpg
21b81a9d-7ab2-40fc-aed9-928d3890a62f.jpg	park/migration/2026/08/08/pk00016_000.jpg
57551006-aa6e-4f16-9fbb-012dd16714e5.jpg	park/migration/2026/08/08/pk00016_001.jpg
c3f20057-4c16-4059-b658-2d8d2995c5dd.jpg	park/migration/2026/08/08/pk00016_002.jpg
ad3f7362-0b25-4f5c-a6e7-68e77502bf21.jpg	park/migration/2026/08/08/pk00016_003.jpg
6b6bfafa-d19a-49df-8237-487282413f02.jpg	park/migration/2026/08/08/pk00016_004.jpg
66f81866-8e8d-4180-8e0d-1e30e754e598.jpg	park/migration/2026/08/08/pk00016_ent_112.jpg
ea25bffa-2cf4-4ede-8680-8c4250b4a619.jpg	park/migration/2026/08/08/pk00016_ent_113.jpg
3f1f2195-55b6-41de-bf79-5e17818e53bf.jpg	park/migration/2026/08/08/pk00016_ent_114.jpg
c83e3518-b0d4-4054-b749-70be553b8819.jpg	park/migration/2026/08/08/pk00016_ent_115.jpg
f2cac297-e3b6-4a15-aa61-1650196e52d3.png	park/migration/2026/08/08/pk00016_ent_116.png
025e3233-9cfe-4aa7-a405-6fd146eacd51.png	park/migration/2026/08/08/pk00016_ent_117.png
186afb19-d8a8-4641-8920-311e9a283deb.png	park/migration/2026/08/08/pk00016_ent_118.png
9ea832b5-3d8f-4f57-b899-a86206ca90d7.jpg	park/migration/2026/08/08/pk00016_env_330.jpg
c59de677-698d-473b-8027-2000e4a35e2e.jpg	park/migration/2026/08/08/pk00016_env_331.jpg
0dfaa7e0-66c6-4fc2-a94e-40319910a847.jpg	park/migration/2026/08/08/pk00016_env_332.jpg
1e0555ba-1bd1-4cb5-a2b6-55c8c694944f.png	park/migration/2026/08/08/pk00016_env_333.png
135a73ac-c32d-411d-af45-b92284d573b9.jpg	park/migration/2026/08/08/pk00016_env_334.jpg
516d9ae1-2a6c-4560-b7c3-d04aa5554b7f.png	park/migration/2026/08/08/pk00016_food_326.png
f3d3a51f-7cdf-4e0d-b327-9f6818d7ee0b.png	park/migration/2026/08/08/pk00016_food_327.png
51d08647-caa7-4f74-a09b-19cdc57134af.png	park/migration/2026/08/08/pk00016_health_119.png
bf26eabe-891e-4b2f-bb9e-5d89e3c5d737.jpg	park/migration/2026/08/08/pk00016_room_117.jpg
e8992974-3179-4a14-b81e-daf711e9803b.jpg	park/migration/2026/08/08/pk00016_room_118.jpg
127dcaf4-d1a5-4888-87b4-28cb958ba43d.jpg	park/migration/2026/08/08/pk00016_room_119.jpg
8b4f64f5-9a21-4d30-b719-7ac1badbedde.jpg	park/migration/2026/08/08/pk00016_room_120.jpg
8c64d645-69e2-48fe-8567-14dacf269c71.jpg	park/migration/2026/08/08/pk00016_room_121.jpg
03cf6fa8-414f-46d0-9ef8-a93250ddb38f.jpg	park/migration/2026/08/08/pk00016_room_122.jpg
fb63b079-7ef9-497f-bbab-8b00642ac723.jpg	park/migration/2026/08/08/pk00017_000.jpg
0c74d766-7ac4-4c3d-9952-f21e568f08c6.jpg	park/migration/2026/08/08/pk00017_001.jpg
cd3d26ac-b7e2-4e84-ad06-c7df664de4f3.jpg	park/migration/2026/08/08/pk00017_002.jpg
9d1a8907-4f94-4704-8539-9db721f873d8.jpg	park/migration/2026/08/08/pk00017_003.jpg
28410940-0a5f-4867-abd0-35884aca1b9b.jpg	park/migration/2026/08/08/pk00017_004.jpg
9b287e43-a0bc-4c17-a41d-fa08825c01a1.jpg	park/migration/2026/08/08/pk00017_005.jpg
5185a12d-6120-4e8f-95bf-2b17b53e58e4.jpg	park/migration/2026/08/08/pk00017_ent_120.jpg
0a482c8e-fbb8-441d-88c9-7a0a41b2ac17.jpg	park/migration/2026/08/08/pk00017_ent_121.jpg
ec134121-9a5d-4963-96ca-650faee6eff3.jpg	park/migration/2026/08/08/pk00017_ent_122.jpg
19191e08-e216-4284-ae34-fbc5310827bf.jpg	park/migration/2026/08/08/pk00017_ent_123.jpg
99a5e52a-220b-4c99-baa5-3e3d01e366f8.jpg	park/migration/2026/08/08/pk00017_ent_124.jpg
435b210d-5a2c-4722-829f-e3b9fbc7f0d4.jpg	park/migration/2026/08/08/pk00017_ent_125.jpg
35af377b-24e6-4822-a368-d592d0fcc47b.jpg	park/migration/2026/08/08/pk00017_ent_126.jpg
e055c4f8-019f-450d-adbe-39e9251b7a6c.jpg	park/migration/2026/08/08/pk00017_ent_127.jpg
bda5c7ac-9346-4a31-8d60-b55e69e5a8ea.jpg	park/migration/2026/08/08/pk00017_ent_128.jpg
128ebe67-2f10-4391-8843-fb2a1374b3c8.jpg	park/migration/2026/08/08/pk00017_ent_129.jpg
dbff1923-7d88-4a56-8102-a5d1f87e8eca.jpg	park/migration/2026/08/08/pk00017_ent_130.jpg
5240f246-b01c-4a5a-9a55-8b4bbf52aba5.jpg	park/migration/2026/08/08/pk00017_ent_131.jpg
5d565774-2111-4094-a94a-e0d13fca94ce.jpg	park/migration/2026/08/08/pk00017_ent_132.jpg
86ca93b0-0f13-4949-8bdd-28d6dff62bc8.jpg	park/migration/2026/08/08/pk00017_ent_133.jpg
965f0eee-9ca7-4b0b-929e-8c7b185ba20b.jpg	park/migration/2026/08/08/pk00017_ent_134.jpg
54c4b790-9fa9-42a2-83d5-1dc028c65b3c.jpg	park/migration/2026/08/08/pk00017_ent_135.jpg
cb29db0c-4f0d-4a29-baa7-4f35f8051864.jpg	park/migration/2026/08/08/pk00017_ent_136.jpg
59969d8b-d780-4f5c-a4e3-1071fa25eb14.jpg	park/migration/2026/08/08/pk00017_ent_137.jpg
309322cb-ffd2-4972-90f9-3eb6e78aaa00.jpg	park/migration/2026/08/08/pk00017_ent_138.jpg
97d60111-9926-4084-98cd-69293b969f5a.jpg	park/migration/2026/08/08/pk00017_env_226.jpg
acbe3142-f729-42fb-9f79-656102907ae3.jpg	park/migration/2026/08/08/pk00017_env_227.jpg
cc1966cf-570f-40c5-9dc1-5e3b98439e69.jpg	park/migration/2026/08/08/pk00017_env_228.jpg
ce2626bc-16b1-4c09-ab74-5b7a60bcecd9.jpg	park/migration/2026/08/08/pk00017_env_229.jpg
d0abb9fd-c3bd-4838-af53-376be786f966.jpg	park/migration/2026/08/08/pk00017_env_230.jpg
6bb24a77-8aba-4031-98ed-6a4607b5e26c.jpg	park/migration/2026/08/08/pk00017_env_231.jpg
03049e62-89e7-4457-9d70-2e7a0b36ebbf.jpg	park/migration/2026/08/08/pk00017_env_232.jpg
1be33619-067f-4a27-af7f-cc99b13fd79e.jpg	park/migration/2026/08/08/pk00017_env_233.jpg
2ae48d7c-3550-49d1-8b54-97ec81eec392.jpg	park/migration/2026/08/08/pk00017_env_234.jpg
703f5880-6c36-4926-a627-0894a9594daf.jpg	park/migration/2026/08/08/pk00017_env_235.jpg
923774bb-ec38-420e-b9a2-655893479fd8.jpg	park/migration/2026/08/08/pk00017_env_236.jpg
6a3d9a78-4277-49c1-bb1c-076350e57bf0.jpg	park/migration/2026/08/08/pk00017_env_237.jpg
02efd4b5-a5d1-4371-9dbc-49253506a945.jpg	park/migration/2026/08/08/pk00017_env_238.jpg
528759c4-ba9f-48f2-b1bd-b3ad5bad9e71.jpg	park/migration/2026/08/08/pk00017_env_239.jpg
84b7e0df-aa42-41c6-ada2-3296ae423b45.jpg	park/migration/2026/08/08/pk00017_env_240.jpg
a696e2e2-97ff-48be-94f5-c8a616a925ab.jpg	park/migration/2026/08/08/pk00017_env_241.jpg
2552e6e9-bf08-4f8f-8d8d-8524f133495b.jpg	park/migration/2026/08/08/pk00017_env_242.jpg
526cf686-5705-482f-a15e-c42503cf044d.jpg	park/migration/2026/08/08/pk00017_env_243.jpg
70fb8007-ddfc-4740-b87a-d74f7ea27cd3.jpg	park/migration/2026/08/08/pk00017_env_244.jpg
5141dfff-7f0d-43e6-aed6-574dd90aa6b2.jpg	park/migration/2026/08/08/pk00017_food_218.jpg
9eeda23c-23fc-4a7f-aa8d-2e563fb3f984.jpg	park/migration/2026/08/08/pk00017_food_219.jpg
78949567-9ba6-4003-99a9-7bfa8c680884.png	park/migration/2026/08/08/pk00017_food_220.png
1eb6783f-6736-483d-b879-d085ebc0168f.png	park/migration/2026/08/08/pk00017_food_221.png
f6662c70-9016-4a38-b638-84eee8436f7e.jpg	park/migration/2026/08/08/pk00017_health_139.jpg
b1b06201-8f8b-41bc-b39f-994e17c137e7.png	park/migration/2026/08/08/pk00017_health_140.png
5a2665c4-f9c0-4880-bc39-aa425dd193d8.png	park/migration/2026/08/08/pk00017_health_141.png
a63e9a1a-1dd1-4994-87fb-cfbad924447f.jpg	park/migration/2026/08/08/pk00017_room_026.jpg
6f496ba9-d190-4436-b9c3-ad71dc64b3e2.jpg	park/migration/2026/08/08/pk00017_room_027.jpg
2ead2b2f-83c6-48a6-85ff-1f640429f0b9.jpg	park/migration/2026/08/08/pk00017_room_028.jpg
764a91ab-187e-4634-9b48-fe2a041acacc.jpg	park/migration/2026/08/08/pk00017_room_029.jpg
11112276-6ad2-4dc1-924e-1607c97f95d6.jpg	park/migration/2026/08/08/pk00017_room_030.jpg
9a69125c-8336-47ab-8b89-010d189914db.jpg	park/migration/2026/08/08/pk00017_room_031.jpg
f697e090-cc4e-41f1-af71-d70eadb9d7a3.jpg	park/migration/2026/08/08/pk00017_room_032.jpg
8bc0e575-8028-427a-be4b-80ae6ccea70f.jpg	park/migration/2026/08/08/pk00017_room_033.jpg
88e7d8d9-4cf9-4820-8409-3be8dd21dedd.jpg	park/migration/2026/08/08/pk00017_room_034.jpg
84303f66-1365-4eeb-a42d-c644b61856ee.jpg	park/migration/2026/08/08/pk00017_room_035.jpg
6b3c35b6-d0c0-4a71-b1a3-d315bf2a0a6d.jpg	park/migration/2026/08/08/pk00017_room_036.jpg
4e171369-f3df-470d-9c50-6e66a770804e.jpg	park/migration/2026/08/08/pk00017_room_037.jpg
41e3a3c8-5742-4c22-b739-7a8924d9ba5e.jpg	park/migration/2026/08/08/pk00017_room_038.jpg
4370716e-a76c-4d24-92e9-05fc9b76e02e.jpg	park/migration/2026/08/08/pk00017_room_039.jpg
caa85326-4135-4027-91e8-f243c5b0410a.png	park/migration/2026/08/08/pk00018_000.png
cdbddc41-5431-47f0-881e-bd179f07878f.jpg	park/migration/2026/08/08/pk00018_001.jpg
10669d1d-f8f9-4dfb-84fb-8ca39bceb9bf.jpg	park/migration/2026/08/08/pk00018_002.jpg
2402271f-f000-4e1f-b15a-b955a2a1affd.jpg	park/migration/2026/08/08/pk00018_003.jpg
19852bbd-f0d6-49a0-9e59-1e8c701c47c0.jpg	park/migration/2026/08/08/pk00018_004.jpg
883223d5-2dc3-4e9e-9ca3-f730150aa6de.jpg	park/migration/2026/08/08/pk00018_ent_142.jpg
65060ed0-b05e-4e3a-b496-7a24a9e1c659.jpg	park/migration/2026/08/08/pk00018_ent_143.jpg
7958d4ca-d893-4d11-91d5-e51f4dab051a.jpg	park/migration/2026/08/08/pk00018_ent_144.jpg
2cf36c16-afd7-4fca-937e-4d6110bd8d06.jpg	park/migration/2026/08/08/pk00018_ent_145.jpg
a217ff83-9365-40b7-8a1d-fc31f7cc534f.jpg	park/migration/2026/08/08/pk00018_ent_146.jpg
66a2f335-71aa-42ba-8e61-bcef9a357374.jpg	park/migration/2026/08/08/pk00018_ent_147.jpg
f2cb5aae-30a7-403d-891f-d55a571042f3.jpg	park/migration/2026/08/08/pk00018_ent_148.jpg
f710b0d0-ffe1-43d8-be38-123e0883f531.jpg	park/migration/2026/08/08/pk00018_ent_149.jpg
43bafe6e-cf5e-41d4-998c-0b052638217b.jpg	park/migration/2026/08/08/pk00018_env_147.jpg
ec1b8364-2366-4873-8c59-9ad671a8d131.jpg	park/migration/2026/08/08/pk00018_env_148.jpg
561fdd44-d39d-4715-9f3a-78685eca4c23.jpg	park/migration/2026/08/08/pk00018_env_149.jpg
e54a1234-17df-4ab2-b34f-a5bc8eade588.jpg	park/migration/2026/08/08/pk00018_env_150.jpg
6959e92a-7cdf-4c8c-b9ff-e4d2a4427182.jpg	park/migration/2026/08/08/pk00018_env_151.jpg
104eba74-ae4d-4b87-ad8e-2bf411d974e1.jpg	park/migration/2026/08/08/pk00018_env_152.jpg
39aa9558-524a-41cb-9db5-e4fee044d735.jpg	park/migration/2026/08/08/pk00018_env_153.jpg
3c55a1d7-1d4d-4b8b-b206-1dd0c1296de7.jpg	park/migration/2026/08/08/pk00018_env_154.jpg
b183082b-498d-4e51-9490-6f012f5b5411.jpg	park/migration/2026/08/08/pk00018_env_155.jpg
846bdd58-f75c-4bdc-acee-63456cc8c2aa.jpg	park/migration/2026/08/08/pk00018_env_156.jpg
581301bd-8b93-40b6-ba3c-642bd693f577.jpg	park/migration/2026/08/08/pk00018_env_157.jpg
c261d741-3863-4d95-b9e2-bcf2347d6b9f.jpg	park/migration/2026/08/08/pk00018_env_158.jpg
12a3a496-22e1-4a7f-b384-88b55aac82bd.jpg	park/migration/2026/08/08/pk00018_health_150.jpg
92248d48-84b2-4be9-8683-f8f57f4ea040.jpg	park/migration/2026/08/08/pk00019_000.jpg
260c1ee2-2070-40ca-91e0-8717df0a5f66.jpg	park/migration/2026/08/08/pk00019_001.jpg
b7a38630-c99a-4750-81da-0cb22772f7f9.jpg	park/migration/2026/08/08/pk00019_002.jpg
d25a63dd-b128-4374-89c3-2006db046d17.jpg	park/migration/2026/08/08/pk00019_003.jpg
0e815174-bd14-418e-96b8-4919945095ea.jpg	park/migration/2026/08/08/pk00019_004.jpg
fdcfb352-522b-4a90-98d4-ba865c493c86.jpg	park/migration/2026/08/08/pk00019_ent_151.jpg
3901a9fb-df80-461a-9409-859d0afbbbe1.jpg	park/migration/2026/08/08/pk00019_ent_152.jpg
f9125ad5-35c3-4624-907c-37583aa175cb.jpg	park/migration/2026/08/08/pk00019_ent_153.jpg
06339a2b-c164-457c-bbf2-3c3eab313ff1.jpg	park/migration/2026/08/08/pk00019_ent_154.jpg
15a7e08e-4afd-4820-ba38-0e8af6881a1b.jpg	park/migration/2026/08/08/pk00019_ent_155.jpg
a8d2df04-838b-4da9-87a2-88d1ebb30818.jpg	park/migration/2026/08/08/pk00019_env_142.jpg
eff7718f-bdf8-4c54-8138-fb9368549547.jpg	park/migration/2026/08/08/pk00019_env_143.jpg
f2c05e70-b70c-4dc4-a143-53b49290efb6.jpg	park/migration/2026/08/08/pk00019_env_144.jpg
1975e476-1462-401d-a769-b11ace1633c4.jpg	park/migration/2026/08/08/pk00019_env_145.jpg
90cf028b-f598-4d06-9134-003bff4d135d.jpg	park/migration/2026/08/08/pk00019_env_146.jpg
c262c3ce-b999-4f0f-a381-73daa68ff8c9.jpg	park/migration/2026/08/08/pk00019_food_140.jpg
ca92e4f3-c1d0-4005-ad31-eb6d52c1564c.jpg	park/migration/2026/08/08/pk00019_health_156.jpg
cadf8c8e-9f76-4e6d-80cf-4215e1cf443c.jpg	park/migration/2026/08/08/pk00019_health_157.jpg
e0b4fc83-4b66-4da5-a0ea-22b656975e36.jpg	park/migration/2026/08/08/pk00019_health_158.jpg
2ed36b89-75e5-4898-854f-7e2a3527bd38.jpg	park/migration/2026/08/08/pk00019_health_159.jpg
3a091ea6-38ec-4ada-ada1-9755092fbc6b.jpg	park/migration/2026/08/08/pk00019_health_160.jpg
237de0af-9b02-4593-b4be-cc166bcceb1f.JPG	park/migration/2026/08/08/pk00020_000.jpg
a3b8381f-22ab-479c-aa8d-2ff08aa875ec.JPG	park/migration/2026/08/08/pk00020_001.jpg
9fe7941d-cfde-4586-a8b5-dd8db3d24094.JPG	park/migration/2026/08/08/pk00020_002.jpg
c756c94a-d7a4-473e-93b1-1767c5658fd3.JPG	park/migration/2026/08/08/pk00020_003.jpg
d9877c2a-81e3-45a1-88e4-31c66a08ec8a.JPG	park/migration/2026/08/08/pk00020_004.jpg
e2fcfcc1-f94a-48c6-8b3a-fcd341e225a1.JPG	park/migration/2026/08/08/pk00020_ent_161.jpg
5a6b8b06-339c-4b74-bbd0-163024deed68.JPG	park/migration/2026/08/08/pk00020_ent_162.jpg
36a0d5a1-c928-455b-b013-61325975ed88.JPG	park/migration/2026/08/08/pk00020_ent_163.jpg
7f2cfa72-75b9-4f0a-8d77-3267381d2839.JPG	park/migration/2026/08/08/pk00020_ent_164.jpg
4ee420aa-bb26-4fe2-8854-76a3cc7bf140.JPG	park/migration/2026/08/08/pk00020_ent_165.jpg
6f6a450d-d768-4fb6-980a-f4360d75d77d.JPG	park/migration/2026/08/08/pk00020_ent_166.jpg
b5b827a6-5bfe-4be2-8d2c-d13f0d3f9cca.JPG	park/migration/2026/08/08/pk00020_ent_167.jpg
c32db2cd-9fde-4c16-8d01-c275f99b19b5.JPG	park/migration/2026/08/08/pk00020_ent_168.jpg
16aed5a2-cacd-4bc3-bf63-d19ca44b4dd2.JPG	park/migration/2026/08/08/pk00020_env_137.jpg
ea333d75-4265-4e66-8a72-106dd76ad8f6.JPG	park/migration/2026/08/08/pk00020_env_138.jpg
ea4b560f-afa1-4703-a591-ae7b02a2031a.JPG	park/migration/2026/08/08/pk00020_env_139.jpg
b05b9f28-469c-4192-9dd5-04bc18c5898d.JPG	park/migration/2026/08/08/pk00020_food_135.jpg
59a28197-8ad8-4a49-9cb2-76d68ef66740.jpeg	park/migration/2026/08/08/pk00021_000.jpeg
2dc1cc65-2960-47dc-97a2-65f475e06a3f.jpeg	park/migration/2026/08/08/pk00021_001.jpeg
4c8de67c-3193-42e4-91f4-21734a43ddb9.jpeg	park/migration/2026/08/08/pk00021_002.jpeg
4b23eeb1-1fdc-418f-994c-5630283acbf5.png	park/migration/2026/08/08/pk00021_003.png
60b63f57-63a8-42e5-bb1f-2d151fd51de5.jpeg	park/migration/2026/08/08/pk00021_ent_169.jpeg
77a7fadd-da76-490e-8707-7d654976c187.jpeg	park/migration/2026/08/08/pk00021_ent_170.jpeg
c35f53ec-1f80-4b69-bad1-88e4885cb524.jpeg	park/migration/2026/08/08/pk00021_ent_171.jpeg
ba623a75-45b0-4f75-910b-8f68d36dedcf.png	park/migration/2026/08/08/pk00021_health_172.png
b46f07b0-b4a2-48a0-80f3-1af091202c61.png	park/migration/2026/08/08/pk00022_000.png
1a7fdbe1-8ca2-446e-b218-de44b539fd68.jpeg	park/migration/2026/08/08/pk00022_001.jpeg
b7549011-dcd0-4dd2-936a-06d8bea0b5e1.png	park/migration/2026/08/08/pk00022_002.png
9374c9a6-dbfa-4bd6-b8c8-1293725a745d.png	park/migration/2026/08/08/pk00022_003.png
34f513b4-d672-4222-a245-7dc216870720.png	park/migration/2026/08/08/pk00022_004.png
16082403-3d77-496e-8326-02d4106b65de.png	park/migration/2026/08/08/pk00022_005.png
45fc53b3-3fd8-4674-ac8d-c0e48647848f.png	park/migration/2026/08/08/pk00022_006.png
a0dca6ef-b592-4a2a-8889-813de4aff4ca.jpeg	park/migration/2026/08/08/pk00022_ent_173.jpeg
b728f843-9790-4c1e-a300-b57ed44a8c71.jpeg	park/migration/2026/08/08/pk00022_ent_174.jpeg
122eaaf9-42b0-49c5-8426-86231668b615.jpeg	park/migration/2026/08/08/pk00022_ent_175.jpeg
b8368618-44fe-4b29-8edd-626378474a6e.jpeg	park/migration/2026/08/08/pk00022_ent_176.jpeg
1dd2bb89-a290-4dcc-baf4-4e3d80d21665.jpeg	park/migration/2026/08/08/pk00022_env_159.jpeg
ca11a31c-227d-4d03-8c01-016b96d412e9.jpeg	park/migration/2026/08/08/pk00022_env_160.jpeg
a03fac5c-74cf-41ff-a031-f6aa42a1066d.jpeg	park/migration/2026/08/08/pk00022_env_161.jpeg
84fdd7db-8abc-4e94-a888-f70b8d9d1d84.jpeg	park/migration/2026/08/08/pk00022_env_162.jpeg
cbe2a549-a8f6-4fac-8318-add9313fc0f3.jpeg	park/migration/2026/08/08/pk00022_env_163.jpeg
6ab903c4-7bcd-4a26-8cc9-4e28c99fc90a.jpeg	park/migration/2026/08/08/pk00022_env_164.jpeg
473495ec-561f-4675-9faa-8d3759d0a9ab.jpeg	park/migration/2026/08/08/pk00022_health_177.jpeg
57cb9426-d70a-4b2f-a182-563127648c52.jpeg	park/migration/2026/08/08/pk00022_health_178.jpeg
