park/migration/2026/08/08/pk00003_000.png	970ae2a2-5c65-4d0e-b542-8f6fd6ff5ef8.png
park/migration/2026/08/08/pk00003_001.png	8843cd03-84c9-40cf-a03c-7dd5cf232906.png
park/migration/2026/08/08/pk00003_002.png	f03c1d56-45fb-47ab-9cc6-b416c0d11da0.png
park/migration/2026/08/08/pk00003_003.png	557381a5-65a7-4bb6-ad22-e5d1ca8370fc.png
park/migration/2026/08/08/pk00003_004.png	fc5db4b9-e38f-4ee8-87be-8f23ed9b5f4a.png
park/migration/2026/08/08/pk00003_005.png	398c6086-253e-4787-b92d-86c9d9ce8c0e.png
park/migration/2026/08/08/pk00003_006.png	56be18f6-8cf2-4d50-a3b5-20d434fb84f8.png
park/migration/2026/08/08/pk00003_007.png	e86cf12f-62c2-4f3b-be7e-eaed390b5e6b.png
park/migration/2026/08/08/pk00003_008.png	865e439f-1a9f-4811-9d18-621b48c354c0.png
park/migration/2026/08/08/pk00003_009.png	3ae4287b-2b3e-411a-8ade-b70b7db85855.png
park/migration/2026/08/08/pk00003_010.png	35c2fbe0-3cfb-463d-b271-0abb9da64b56.png
park/migration/2026/08/08/pk00003_011.png	c1c191fb-1bfd-49f7-a38c-97a3c8eddc5c.png
park/migration/2026/08/08/pk00003_012.png	a0247604-6d62-4c17-8565-e0be072bf9e9.png
park/migration/2026/08/08/pk00003_cat_310.png	234da142-3eed-4059-9a82-cf5a64292360.png
park/migration/2026/08/08/pk00003_cat_311.png	234da142-3eed-4059-9a82-cf5a64292360.png
park/migration/2026/08/08/pk00003_ent_000.png	865e439f-1a9f-4811-9d18-621b48c354c0.png
park/migration/2026/08/08/pk00003_ent_001.png	865e439f-1a9f-4811-9d18-621b48c354c0.png
park/migration/2026/08/08/pk00003_ent_002.png	865e439f-1a9f-4811-9d18-621b48c354c0.png
park/migration/2026/08/08/pk00003_ent_003.png	865e439f-1a9f-4811-9d18-621b48c354c0.png
park/migration/2026/08/08/pk00003_ent_004.png	865e439f-1a9f-4811-9d18-621b48c354c0.png
park/migration/2026/08/08/pk00003_env_302.png	de582f0a-78cb-49a2-b7d2-b73e840778a4.png
park/migration/2026/08/08/pk00003_env_303.png	de582f0a-78cb-49a2-b7d2-b73e840778a4.png
park/migration/2026/08/08/pk00003_env_304.png	de582f0a-78cb-49a2-b7d2-b73e840778a4.png
park/migration/2026/08/08/pk00003_env_305.png	de582f0a-78cb-49a2-b7d2-b73e840778a4.png
park/migration/2026/08/08/pk00003_env_306.png	de582f0a-78cb-49a2-b7d2-b73e840778a4.png
park/migration/2026/08/08/pk00003_env_307.png	de582f0a-78cb-49a2-b7d2-b73e840778a4.png
park/migration/2026/08/08/pk00003_env_308.png	de582f0a-78cb-49a2-b7d2-b73e840778a4.png
park/migration/2026/08/08/pk00003_env_309.png	de582f0a-78cb-49a2-b7d2-b73e840778a4.png
park/migration/2026/08/08/pk00003_food_300.png	234da142-3eed-4059-9a82-cf5a64292360.png
park/migration/2026/08/08/pk00003_health_000.png	c5b8222b-f782-43c9-acd8-f81138345891.png
park/migration/2026/08/08/pk00003_health_001.png	c5b8222b-f782-43c9-acd8-f81138345891.png
park/migration/2026/08/08/pk00003_health_002.png	c5b8222b-f782-43c9-acd8-f81138345891.png
park/migration/2026/08/08/pk00003_room_123.png	c9ec8a5d-1f07-439a-b20d-dbdd1a7ddbec.png
park/migration/2026/08/08/pk00003_room_124.png	c9ec8a5d-1f07-439a-b20d-dbdd1a7ddbec.png
park/migration/2026/08/08/pk00003_room_125.png	c9ec8a5d-1f07-439a-b20d-dbdd1a7ddbec.png
park/migration/2026/08/08/pk00003_room_126.png	c9ec8a5d-1f07-439a-b20d-dbdd1a7ddbec.png
park/migration/2026/08/08/pk00004_000.png	bfa436f2-9fca-4674-b55e-89025b96ca34.png
park/migration/2026/08/08/pk00004_001.png	e4723a3d-e496-4ea9-9a42-efd40d3404ab.png
park/migration/2026/08/08/pk00004_002.png	2d3b8702-8300-4245-953a-539d7b50d5b3.png
park/migration/2026/08/08/pk00004_003.png	523da542-24ab-463c-ba47-fbb0f8f6b0fe.png
park/migration/2026/08/08/pk00004_004.png	f55f30bb-dd3a-4de4-9695-a1860aae90d9.png
park/migration/2026/08/08/pk00004_005.png	9b490328-4228-4630-92e3-a22c2313fdf0.png
park/migration/2026/08/08/pk00004_006.png	5859c363-e94a-4a4a-9bb5-54e2bfa86241.png
park/migration/2026/08/08/pk00004_007.png	a6826435-1cb0-41e7-ae39-b448e69fad94.png
park/migration/2026/08/08/pk00004_008.png	9109111a-c43d-41c3-a465-3c1623353958.png
park/migration/2026/08/08/pk00004_009.png	7f960ff0-f890-4a13-a657-d9031edf5302.png
park/migration/2026/08/08/pk00004_010.png	85fc9c13-0bcd-40de-a24b-7e7eb2b2907e.png
park/migration/2026/08/08/pk00004_011.png	4b00c500-90ef-46bd-ae5a-052e5f9aeaf4.png
park/migration/2026/08/08/pk00004_012.png	f436c282-560a-464d-a5ad-a5ec3d067fc1.png
park/migration/2026/08/08/pk00004_013.png	0d380c25-eb83-4838-a09d-97279cea471b.png
park/migration/2026/08/08/pk00004_cat_314.png	00bd863d-c3b3-45e4-ac8f-f8f0516d746a.png
park/migration/2026/08/08/pk00004_cat_315.png	00bd863d-c3b3-45e4-ac8f-f8f0516d746a.png
park/migration/2026/08/08/pk00004_ent_000.png	a6826435-1cb0-41e7-ae39-b448e69fad94.png
park/migration/2026/08/08/pk00004_ent_001.png	a6826435-1cb0-41e7-ae39-b448e69fad94.png
park/migration/2026/08/08/pk00004_ent_002.png	a6826435-1cb0-41e7-ae39-b448e69fad94.png
park/migration/2026/08/08/pk00004_ent_003.png	a6826435-1cb0-41e7-ae39-b448e69fad94.png
park/migration/2026/08/08/pk00004_ent_004.png	a6826435-1cb0-41e7-ae39-b448e69fad94.png
park/migration/2026/08/08/pk00004_ent_005.png	a6826435-1cb0-41e7-ae39-b448e69fad94.png
park/migration/2026/08/08/pk00004_ent_006.png	a6826435-1cb0-41e7-ae39-b448e69fad94.png
park/migration/2026/08/08/pk00004_food_312.png	00bd863d-c3b3-45e4-ac8f-f8f0516d746a.png
park/migration/2026/08/08/pk00004_health_000.png	838f6442-8988-4d0f-8bc8-68f441f6c586.png
park/migration/2026/08/08/pk00004_health_001.png	838f6442-8988-4d0f-8bc8-68f441f6c586.png
park/migration/2026/08/08/pk00004_health_002.png	838f6442-8988-4d0f-8bc8-68f441f6c586.png
park/migration/2026/08/08/pk00004_health_003.png	838f6442-8988-4d0f-8bc8-68f441f6c586.png
park/migration/2026/08/08/pk00004_health_004.png	838f6442-8988-4d0f-8bc8-68f441f6c586.png
park/migration/2026/08/08/pk00004_room_127.png	6ab1a019-5dfe-44a0-a924-417881f8d52c.png
park/migration/2026/08/08/pk00004_room_128.png	6ab1a019-5dfe-44a0-a924-417881f8d52c.png
park/migration/2026/08/08/pk00004_room_129.png	6ab1a019-5dfe-44a0-a924-417881f8d52c.png
park/migration/2026/08/08/pk00004_room_130.png	6ab1a019-5dfe-44a0-a924-417881f8d52c.png
park/migration/2026/08/08/pk00004_room_131.png	6ab1a019-5dfe-44a0-a924-417881f8d52c.png
park/migration/2026/08/08/pk00004_room_132.png	6ab1a019-5dfe-44a0-a924-417881f8d52c.png
park/migration/2026/08/08/pk00004_room_133.png	6ab1a019-5dfe-44a0-a924-417881f8d52c.png
park/migration/2026/08/08/pk00004_room_134.png	6ab1a019-5dfe-44a0-a924-417881f8d52c.png
park/migration/2026/08/08/pk00005_000.png	1dbb9dd3-9f2c-4497-850f-d8d95a2ab429.png
park/migration/2026/08/08/pk00005_001.png	647c41cb-7ad6-45e1-8cbf-4a9370bb894d.png
park/migration/2026/08/08/pk00005_002.png	999ffbf2-00c7-41ee-9aec-d211d36bd04a.png
park/migration/2026/08/08/pk00005_003.png	4b5ef014-9c4d-4e32-971f-1af1f36bacae.png
park/migration/2026/08/08/pk00005_004.png	5b829521-42fd-4069-b226-957aed8ede5a.png
park/migration/2026/08/08/pk00005_005.png	7a126cd9-60fb-4251-95f3-e416f309a5c6.png
park/migration/2026/08/08/pk00005_006.png	840e7afa-43c8-49bb-8b63-aee1cee883a0.png
park/migration/2026/08/08/pk00005_007.png	ce0fbf68-7500-47ab-83dc-64a9686b256c.png
park/migration/2026/08/08/pk00005_ent_000.png	7a126cd9-60fb-4251-95f3-e416f309a5c6.png
park/migration/2026/08/08/pk00005_ent_001.png	7a126cd9-60fb-4251-95f3-e416f309a5c6.png
park/migration/2026/08/08/pk00005_ent_002.png	7a126cd9-60fb-4251-95f3-e416f309a5c6.png
park/migration/2026/08/08/pk00005_env_172.png	2f18c42e-9e32-4cf3-a059-9809d1399fac.png
park/migration/2026/08/08/pk00005_health_000.png	2205b503-3f3a-41ae-8865-5fbe76ed1b2e.png
park/migration/2026/08/08/pk00005_health_001.png	2205b503-3f3a-41ae-8865-5fbe76ed1b2e.png
park/migration/2026/08/08/pk00005_health_002.png	2205b503-3f3a-41ae-8865-5fbe76ed1b2e.png
park/migration/2026/08/08/pk00005_health_003.png	2205b503-3f3a-41ae-8865-5fbe76ed1b2e.png
park/migration/2026/08/08/pk00005_health_004.png	2205b503-3f3a-41ae-8865-5fbe76ed1b2e.png
park/migration/2026/08/08/pk00005_health_005.png	2205b503-3f3a-41ae-8865-5fbe76ed1b2e.png
park/migration/2026/08/08/pk00005_room_001.png	460a4832-2ed6-446f-b568-286ce4e73db5.png
park/migration/2026/08/08/pk00005_room_002.png	460a4832-2ed6-446f-b568-286ce4e73db5.png
park/migration/2026/08/08/pk00005_room_003.png	460a4832-2ed6-446f-b568-286ce4e73db5.png
park/migration/2026/08/08/pk00005_room_004.png	460a4832-2ed6-446f-b568-286ce4e73db5.png
park/migration/2026/08/08/pk00005_room_005.png	460a4832-2ed6-446f-b568-286ce4e73db5.png
park/migration/2026/08/08/pk00005_room_006.png	460a4832-2ed6-446f-b568-286ce4e73db5.png
park/migration/2026/08/08/pk00005_room_007.png	460a4832-2ed6-446f-b568-286ce4e73db5.png
park/migration/2026/08/08/pk00006_000.png	5f762546-4838-4e84-81c0-20f15d58d370.png
park/migration/2026/08/08/pk00006_001.png	94651f75-3b79-4105-9a07-65596c378d38.png
park/migration/2026/08/08/pk00006_002.png	08a8e6e4-c44d-4b82-9c81-042d0bd40b60.png
park/migration/2026/08/08/pk00006_003.png	ys-e3c31497-5a13-4e9c-8eb9-1d3f0d89bec5.png
park/migration/2026/08/08/pk00006_004.png	ys-b5d8b170-19de-4f7a-be35-9bb9fcd77314.png
park/migration/2026/08/08/pk00006_005.png	ys-fb2b8cf7-4fcf-42d7-900b-1a370fc17484.png
park/migration/2026/08/08/pk00006_ent_000.png	ys-b5d8b170-19de-4f7a-be35-9bb9fcd77314.png
park/migration/2026/08/08/pk00006_ent_001.png	ys-b5d8b170-19de-4f7a-be35-9bb9fcd77314.png
park/migration/2026/08/08/pk00006_env_242.png	ys-6ba3bc8d-0701-41ef-a97d-909d7e4005cf.png
park/migration/2026/08/08/pk00006_env_243.png	ys-6ba3bc8d-0701-41ef-a97d-909d7e4005cf.png
park/migration/2026/08/08/pk00006_env_244.png	ys-6ba3bc8d-0701-41ef-a97d-909d7e4005cf.png
park/migration/2026/08/08/pk00006_health_000.png	ys-a2009e5c-a3ba-4fe0-8819-6732389b4aeb.png
park/migration/2026/08/08/pk00006_room_058.png	ys-20a20b39-21d6-4e59-9e96-ad9c0c9e6077.png
park/migration/2026/08/08/pk00006_room_059.png	ys-20a20b39-21d6-4e59-9e96-ad9c0c9e6077.png
park/migration/2026/08/08/pk00006_room_060.png	ys-20a20b39-21d6-4e59-9e96-ad9c0c9e6077.png
park/migration/2026/08/08/pk00006_room_061.png	ys-20a20b39-21d6-4e59-9e96-ad9c0c9e6077.png
park/migration/2026/08/08/pk00006_room_062.png	ys-20a20b39-21d6-4e59-9e96-ad9c0c9e6077.png
park/migration/2026/08/08/pk00006_room_063.png	ys-20a20b39-21d6-4e59-9e96-ad9c0c9e6077.png
park/migration/2026/08/08/pk00006_room_064.png	ys-20a20b39-21d6-4e59-9e96-ad9c0c9e6077.png
park/migration/2026/08/08/pk00006_room_065.png	ys-20a20b39-21d6-4e59-9e96-ad9c0c9e6077.png
park/migration/2026/08/08/pk00007_000.png	d1f7f8ad-37ec-48a5-9bf0-36662ef3b3a2.png
park/migration/2026/08/08/pk00007_001.png	cd07c1a2-3b7a-4bbb-83d3-323ed9281dd1.png
park/migration/2026/08/08/pk00007_002.png	38fddff0-4db2-4540-a279-a59d78b4d302.png
park/migration/2026/08/08/pk00007_003.png	17a1b402-b459-4ac1-a121-9757268b068e.png
park/migration/2026/08/08/pk00007_004.png	aae87774-5fd5-43e4-9752-17f0b704c573.png
park/migration/2026/08/08/pk00007_cat_237.png	c588500e-117f-4bd1-95d8-8319fe42fc09.png
park/migration/2026/08/08/pk00007_cat_238.png	c588500e-117f-4bd1-95d8-8319fe42fc09.png
park/migration/2026/08/08/pk00007_cat_239.png	c588500e-117f-4bd1-95d8-8319fe42fc09.png
park/migration/2026/08/08/pk00007_env_236.png	e53ab7ff-4604-4264-bd1e-c9fc19a1dc45.png
park/migration/2026/08/08/pk00007_food_233.png	c588500e-117f-4bd1-95d8-8319fe42fc09.png
park/migration/2026/08/08/pk00007_health_000.png	c579013e-5edf-422c-9797-b10db74539c0.png
park/migration/2026/08/08/pk00007_health_001.png	c579013e-5edf-422c-9797-b10db74539c0.png
park/migration/2026/08/08/pk00007_room_040.png	b274e7be-c6ec-4cea-b099-09caf02a7702.png
park/migration/2026/08/08/pk00007_room_041.png	b274e7be-c6ec-4cea-b099-09caf02a7702.png
park/migration/2026/08/08/pk00007_room_042.png	b274e7be-c6ec-4cea-b099-09caf02a7702.png
park/migration/2026/08/08/pk00007_room_043.png	b274e7be-c6ec-4cea-b099-09caf02a7702.png
park/migration/2026/08/08/pk00007_room_044.png	b274e7be-c6ec-4cea-b099-09caf02a7702.png
park/migration/2026/08/08/pk00007_room_045.png	b274e7be-c6ec-4cea-b099-09caf02a7702.png
park/migration/2026/08/08/pk00008_000.png	ys-bc122820-0e05-47e8-952e-c638b5e82931.png
park/migration/2026/08/08/pk00008_001.jpg	a64f49d9-55e8-4774-934b-ac4aaeca9571.jpg
park/migration/2026/08/08/pk00008_002.png	ys-1cb23aff-0eda-4302-a282-5ac95c91f8cb.png
park/migration/2026/08/08/pk00008_003.png	0ec1e1a1-d240-4b54-b1fa-6200ad7bace2.png
park/migration/2026/08/08/pk00008_004.png	f12b75fe-7bb8-445f-bf69-bb04a7c9c48c.png
park/migration/2026/08/08/pk00008_005.jpg	1ac00bb7-c054-4fee-90e4-478da95db618.jpg
park/migration/2026/08/08/pk00008_006.jpg	a6923a06-7695-4368-8813-c3e1a909a4bb.jpg
park/migration/2026/08/08/pk00008_007.jpg	1e2b568f-74c2-4939-bfa4-7a4dc407e8bf.jpg
park/migration/2026/08/08/pk00008_008.jpg	a137e49a-6f21-4f0f-9feb-007dfce60ff4.jpg
park/migration/2026/08/08/pk00008_009.jpg	a0bbf697-af28-4366-bb75-8b8097829b10.jpg
park/migration/2026/08/08/pk00008_010.jpg	563a173a-5915-4d3b-9c74-16f6e73c2d79.jpg
park/migration/2026/08/08/pk00008_011.jpg	781303d4-30b2-48af-b000-9a4264083815.jpg
park/migration/2026/08/08/pk00008_012.jpg	21d16221-ec5b-45a2-8558-30b6da4b1029.jpg
park/migration/2026/08/08/pk00008_013.jpg	861a39c1-7cdb-4e57-a1fe-bf6bc2e024d5.jpg
park/migration/2026/08/08/pk00008_cat_289.png	58e964b6-e037-49c5-a824-1582d17b21ea.jpg
park/migration/2026/08/08/pk00008_cat_290.png	58e964b6-e037-49c5-a824-1582d17b21ea.jpg
park/migration/2026/08/08/pk00008_cat_291.png	58e964b6-e037-49c5-a824-1582d17b21ea.jpg
park/migration/2026/08/08/pk00008_cat_292.png	58e964b6-e037-49c5-a824-1582d17b21ea.jpg
park/migration/2026/08/08/pk00008_cat_293.png	58e964b6-e037-49c5-a824-1582d17b21ea.jpg
park/migration/2026/08/08/pk00008_cat_294.png	58e964b6-e037-49c5-a824-1582d17b21ea.jpg
park/migration/2026/08/08/pk00008_ent_000.jpg	1ac00bb7-c054-4fee-90e4-478da95db618.jpg
park/migration/2026/08/08/pk00008_ent_001.jpg	1ac00bb7-c054-4fee-90e4-478da95db618.jpg
park/migration/2026/08/08/pk00008_ent_002.jpg	1ac00bb7-c054-4fee-90e4-478da95db618.jpg
park/migration/2026/08/08/pk00008_ent_003.jpg	1ac00bb7-c054-4fee-90e4-478da95db618.jpg
park/migration/2026/08/08/pk00008_ent_004.jpg	1ac00bb7-c054-4fee-90e4-478da95db618.jpg
park/migration/2026/08/08/pk00008_ent_005.jpg	1ac00bb7-c054-4fee-90e4-478da95db618.jpg
park/migration/2026/08/08/pk00008_ent_006.jpg	1ac00bb7-c054-4fee-90e4-478da95db618.jpg
park/migration/2026/08/08/pk00008_ent_007.jpg	1ac00bb7-c054-4fee-90e4-478da95db618.jpg
park/migration/2026/08/08/pk00008_ent_008.jpg	1ac00bb7-c054-4fee-90e4-478da95db618.jpg
park/migration/2026/08/08/pk00008_env_285.png	ys-7aace1d5-3839-4706-b3e8-d844a5495f2d.png
park/migration/2026/08/08/pk00008_env_286.png	ys-7aace1d5-3839-4706-b3e8-d844a5495f2d.png
park/migration/2026/08/08/pk00008_env_287.png	ys-7aace1d5-3839-4706-b3e8-d844a5495f2d.png
park/migration/2026/08/08/pk00008_env_288.png	ys-7aace1d5-3839-4706-b3e8-d844a5495f2d.png
park/migration/2026/08/08/pk00008_food_279.png	58e964b6-e037-49c5-a824-1582d17b21ea.jpg
park/migration/2026/08/08/pk00008_health_000.png	ys-fb5a9e62-1676-4564-866b-d122f9cc4cbb.png
park/migration/2026/08/08/pk00008_health_001.png	ys-fb5a9e62-1676-4564-866b-d122f9cc4cbb.png
park/migration/2026/08/08/pk00008_health_002.png	ys-fb5a9e62-1676-4564-866b-d122f9cc4cbb.png
park/migration/2026/08/08/pk00008_health_003.png	ys-fb5a9e62-1676-4564-866b-d122f9cc4cbb.png
park/migration/2026/08/08/pk00008_health_004.png	ys-fb5a9e62-1676-4564-866b-d122f9cc4cbb.png
park/migration/2026/08/08/pk00008_health_005.png	ys-fb5a9e62-1676-4564-866b-d122f9cc4cbb.png
park/migration/2026/08/08/pk00008_health_006.png	ys-fb5a9e62-1676-4564-866b-d122f9cc4cbb.png
park/migration/2026/08/08/pk00008_health_007.png	ys-fb5a9e62-1676-4564-866b-d122f9cc4cbb.png
park/migration/2026/08/08/pk00008_room_078.png	f2a8f392-3503-4c89-ac71-72c521b99536.png
park/migration/2026/08/08/pk00008_room_079.png	f2a8f392-3503-4c89-ac71-72c521b99536.png
park/migration/2026/08/08/pk00008_room_080.png	f2a8f392-3503-4c89-ac71-72c521b99536.png
park/migration/2026/08/08/pk00008_room_081.png	f2a8f392-3503-4c89-ac71-72c521b99536.png
park/migration/2026/08/08/pk00008_room_082.png	f2a8f392-3503-4c89-ac71-72c521b99536.png
park/migration/2026/08/08/pk00008_room_083.png	f2a8f392-3503-4c89-ac71-72c521b99536.png
park/migration/2026/08/08/pk00008_room_084.png	f2a8f392-3503-4c89-ac71-72c521b99536.png
park/migration/2026/08/08/pk00008_room_085.png	f2a8f392-3503-4c89-ac71-72c521b99536.png
park/migration/2026/08/08/pk00008_room_086.png	f2a8f392-3503-4c89-ac71-72c521b99536.png
park/migration/2026/08/08/pk00008_room_087.png	f2a8f392-3503-4c89-ac71-72c521b99536.png
park/migration/2026/08/08/pk00008_room_088.png	f2a8f392-3503-4c89-ac71-72c521b99536.png
park/migration/2026/08/08/pk00008_room_089.png	f2a8f392-3503-4c89-ac71-72c521b99536.png
park/migration/2026/08/08/pk00008_room_090.png	f2a8f392-3503-4c89-ac71-72c521b99536.png
park/migration/2026/08/08/pk00008_room_091.png	f2a8f392-3503-4c89-ac71-72c521b99536.png
park/migration/2026/08/08/pk00008_room_092.png	f2a8f392-3503-4c89-ac71-72c521b99536.png
park/migration/2026/08/08/pk00008_room_093.png	f2a8f392-3503-4c89-ac71-72c521b99536.png
park/migration/2026/08/08/pk00008_room_094.png	f2a8f392-3503-4c89-ac71-72c521b99536.png
park/migration/2026/08/08/pk00008_room_095.png	f2a8f392-3503-4c89-ac71-72c521b99536.png
park/migration/2026/08/08/pk00008_room_096.png	f2a8f392-3503-4c89-ac71-72c521b99536.png
park/migration/2026/08/08/pk00008_room_097.png	f2a8f392-3503-4c89-ac71-72c521b99536.png
park/migration/2026/08/08/pk00008_room_098.png	f2a8f392-3503-4c89-ac71-72c521b99536.png
park/migration/2026/08/08/pk00008_room_099.png	f2a8f392-3503-4c89-ac71-72c521b99536.png
park/migration/2026/08/08/pk00008_room_100.png	f2a8f392-3503-4c89-ac71-72c521b99536.png
park/migration/2026/08/08/pk00008_room_101.png	f2a8f392-3503-4c89-ac71-72c521b99536.png
park/migration/2026/08/08/pk00008_room_102.png	f2a8f392-3503-4c89-ac71-72c521b99536.png
park/migration/2026/08/08/pk00008_room_103.png	f2a8f392-3503-4c89-ac71-72c521b99536.png
park/migration/2026/08/08/pk00008_room_104.png	f2a8f392-3503-4c89-ac71-72c521b99536.png
park/migration/2026/08/08/pk00008_room_105.png	f2a8f392-3503-4c89-ac71-72c521b99536.png
park/migration/2026/08/08/pk00008_room_106.png	f2a8f392-3503-4c89-ac71-72c521b99536.png
park/migration/2026/08/08/pk00009_000.png	ys-7930470e-21be-4d68-bcac-b69590e7a588.png
park/migration/2026/08/08/pk00009_001.png	ys-361ae4f0-1747-4655-a464-f951c163c7f2.png
park/migration/2026/08/08/pk00009_002.png	ys-5fd7dba2-d16a-4ad3-a285-1f876caae282.png
park/migration/2026/08/08/pk00009_003.png	ys-0eb88ebf-a21c-42c2-aaaa-31eb0805d84b.png
park/migration/2026/08/08/pk00009_004.png	ys-db354593-c41c-4b12-b178-fb0b225fda52.png
park/migration/2026/08/08/pk00009_005.png	ys-2faa2df3-0201-4236-a291-69c11fb3bcec.png
park/migration/2026/08/08/pk00009_006.png	ys-ca805d64-2686-4b0b-be8b-c64ba9d23a26.png
park/migration/2026/08/08/pk00009_007.png	ys-9c23f99c-98f5-4095-965d-ea5bfa34aa77.png
park/migration/2026/08/08/pk00009_008.png	ys-ac8dfa73-3b05-41f4-ae8a-786866672601.png
park/migration/2026/08/08/pk00009_cat_241.png	ys-abb0fcbe-af00-42d4-9c2f-7d5a088cd0c8.png
park/migration/2026/08/08/pk00009_ent_000.png	ys-2faa2df3-0201-4236-a291-69c11fb3bcec.png
park/migration/2026/08/08/pk00009_ent_001.png	ys-2faa2df3-0201-4236-a291-69c11fb3bcec.png
park/migration/2026/08/08/pk00009_ent_002.png	ys-2faa2df3-0201-4236-a291-69c11fb3bcec.png
park/migration/2026/08/08/pk00009_ent_003.png	ys-2faa2df3-0201-4236-a291-69c11fb3bcec.png
park/migration/2026/08/08/pk00009_food_240.png	ys-abb0fcbe-af00-42d4-9c2f-7d5a088cd0c8.png
park/migration/2026/08/08/pk00009_health_000.png	ys-1611fb27-215d-4b3d-9b2e-33bc6750e1cc.png
park/migration/2026/08/08/pk00009_health_001.png	ys-1611fb27-215d-4b3d-9b2e-33bc6750e1cc.png
park/migration/2026/08/08/pk00009_room_046.png	ys-2a144065-21dd-426e-959a-509f3d77ecc9.png
park/migration/2026/08/08/pk00009_room_047.png	ys-2a144065-21dd-426e-959a-509f3d77ecc9.png
park/migration/2026/08/08/pk00009_room_048.png	ys-2a144065-21dd-426e-959a-509f3d77ecc9.png
park/migration/2026/08/08/pk00009_room_049.png	ys-2a144065-21dd-426e-959a-509f3d77ecc9.png
park/migration/2026/08/08/pk00009_room_050.png	ys-2a144065-21dd-426e-959a-509f3d77ecc9.png
park/migration/2026/08/08/pk00009_room_051.png	ys-2a144065-21dd-426e-959a-509f3d77ecc9.png
park/migration/2026/08/08/pk00009_room_052.png	ys-2a144065-21dd-426e-959a-509f3d77ecc9.png
park/migration/2026/08/08/pk00009_room_053.png	ys-2a144065-21dd-426e-959a-509f3d77ecc9.png
park/migration/2026/08/08/pk00009_room_054.png	ys-2a144065-21dd-426e-959a-509f3d77ecc9.png
park/migration/2026/08/08/pk00009_room_055.png	ys-2a144065-21dd-426e-959a-509f3d77ecc9.png
park/migration/2026/08/08/pk00009_room_056.png	ys-2a144065-21dd-426e-959a-509f3d77ecc9.png
park/migration/2026/08/08/pk00009_room_057.png	ys-2a144065-21dd-426e-959a-509f3d77ecc9.png
park/migration/2026/08/08/pk00010_000.png	ys-e076dfd7-8e6b-41c9-8ea2-1b53879899af.png
park/migration/2026/08/08/pk00010_001.png	ys-3ed76c30-7582-4610-9c94-1aa7919ed492.png
park/migration/2026/08/08/pk00010_002.png	ys-a3ed4ae0-88aa-43b0-b6b0-42cb71806e2a.png
park/migration/2026/08/08/pk00010_003.png	ys-bf9b3d7a-cff2-46ad-9207-e5d3597ba3a3.png
park/migration/2026/08/08/pk00010_004.png	ys-6576a02d-b1ba-4bc3-a0f6-df09b67dffe5.png
park/migration/2026/08/08/pk00010_005.png	ys-5181c09d-5e5d-4003-b5ad-34ae48813a70.png
park/migration/2026/08/08/pk00010_006.png	ys-d89c0173-7168-4a62-b802-35a860f1d617.png
park/migration/2026/08/08/pk00010_007.png	ys-d4d7e9d7-c283-4a13-9c3f-a8d903be5539.png
park/migration/2026/08/08/pk00010_008.png	ys-08d243cc-ea69-498d-951f-3a42302ba2bf.png
park/migration/2026/08/08/pk00010_009.png	ys-f777de27-ecd9-4523-95b5-21667dd1e8fc.png
park/migration/2026/08/08/pk00010_010.png	ys-090eaa02-192e-457e-a90d-9b1f0cebe805.png
park/migration/2026/08/08/pk00010_011.png	ys-e6fd2efb-9deb-4ef9-a67b-7174b5d82049.png
park/migration/2026/08/08/pk00010_012.png	ys-e5c23513-18ef-4093-907e-bae6ccf6c93e.png
park/migration/2026/08/08/pk00010_013.png	ys-c9812db1-caa8-4ce8-9b1e-285e8248f08e.png
park/migration/2026/08/08/pk00010_014.png	ys-4c35ac41-638c-452b-85a1-7fc597d494f4.png
park/migration/2026/08/08/pk00010_015.png	ys-a620b090-e8f2-4c15-9e83-9a1cc0eaec8d.png
park/migration/2026/08/08/pk00010_cat_170.png	ys-c488d3d3-fbaa-453d-b572-01d0ff775411.png
park/migration/2026/08/08/pk00010_cat_171.png	ys-c488d3d3-fbaa-453d-b572-01d0ff775411.png
park/migration/2026/08/08/pk00010_ent_000.png	ys-5181c09d-5e5d-4003-b5ad-34ae48813a70.png
park/migration/2026/08/08/pk00010_ent_001.png	ys-5181c09d-5e5d-4003-b5ad-34ae48813a70.png
park/migration/2026/08/08/pk00010_ent_002.png	ys-5181c09d-5e5d-4003-b5ad-34ae48813a70.png
park/migration/2026/08/08/pk00010_ent_003.png	ys-5181c09d-5e5d-4003-b5ad-34ae48813a70.png
park/migration/2026/08/08/pk00010_ent_004.png	ys-5181c09d-5e5d-4003-b5ad-34ae48813a70.png
park/migration/2026/08/08/pk00010_ent_005.png	ys-5181c09d-5e5d-4003-b5ad-34ae48813a70.png
park/migration/2026/08/08/pk00010_ent_006.png	ys-5181c09d-5e5d-4003-b5ad-34ae48813a70.png
park/migration/2026/08/08/pk00010_ent_007.png	ys-5181c09d-5e5d-4003-b5ad-34ae48813a70.png
park/migration/2026/08/08/pk00010_ent_008.png	ys-5181c09d-5e5d-4003-b5ad-34ae48813a70.png
park/migration/2026/08/08/pk00010_ent_009.png	ys-5181c09d-5e5d-4003-b5ad-34ae48813a70.png
park/migration/2026/08/08/pk00010_ent_010.png	ys-5181c09d-5e5d-4003-b5ad-34ae48813a70.png
park/migration/2026/08/08/pk00010_env_161.png	ys-c7bc93e5-b2f5-4952-b141-8728d8bcb071.png
park/migration/2026/08/08/pk00010_env_162.png	ys-c7bc93e5-b2f5-4952-b141-8728d8bcb071.png
park/migration/2026/08/08/pk00010_env_163.png	ys-c7bc93e5-b2f5-4952-b141-8728d8bcb071.png
park/migration/2026/08/08/pk00010_env_164.png	ys-c7bc93e5-b2f5-4952-b141-8728d8bcb071.png
park/migration/2026/08/08/pk00010_env_165.png	ys-c7bc93e5-b2f5-4952-b141-8728d8bcb071.png
park/migration/2026/08/08/pk00010_env_166.png	ys-c7bc93e5-b2f5-4952-b141-8728d8bcb071.png
park/migration/2026/08/08/pk00010_env_167.png	ys-c7bc93e5-b2f5-4952-b141-8728d8bcb071.png
park/migration/2026/08/08/pk00010_env_168.png	ys-c7bc93e5-b2f5-4952-b141-8728d8bcb071.png
park/migration/2026/08/08/pk00010_env_169.png	ys-c7bc93e5-b2f5-4952-b141-8728d8bcb071.png
park/migration/2026/08/08/pk00010_food_159.png	ys-c488d3d3-fbaa-453d-b572-01d0ff775411.png
park/migration/2026/08/08/pk00010_health_000.png	ys-3bc6f9d2-5b72-4970-8a2e-7e39340246ca.png
park/migration/2026/08/08/pk00010_room_000.png	ys-08ef3a44-b242-4df6-8ab8-ecd4b81c9918.png
park/migration/2026/08/08/pk00011_000.png	ys-d05d97f4-18db-4582-8a8d-d37e43548c7b.png
park/migration/2026/08/08/pk00011_001.png	ys-51f4a879-02f5-495b-8338-bc962cf0df9a.png
park/migration/2026/08/08/pk00011_002.png	ys-97fe5932-4ae5-4ec3-9177-32fbc56f901c.png
park/migration/2026/08/08/pk00011_003.png	ys-93ca7200-b89a-48a2-8488-f144a13444b7.png
park/migration/2026/08/08/pk00011_004.png	ys-f160cf50-3192-45de-94cb-1a70840af7cd.png
park/migration/2026/08/08/pk00011_005.png	ys-d30a3a09-5885-4943-aab5-4b4b92a5d0c4.png
park/migration/2026/08/08/pk00011_006.png	ys-bb246347-2708-4f31-9bc1-1249a9366507.png
park/migration/2026/08/08/pk00011_007.png	ys-2e3edd28-7d7f-4525-ae0c-0cfc34a0d049.png
park/migration/2026/08/08/pk00011_008.png	ys-ab413eee-be77-4639-a14e-70f19d499137.png
park/migration/2026/08/08/pk00011_009.png	ys-37c9f0c0-4975-4b36-ba68-280047f5a443.png
park/migration/2026/08/08/pk00011_010.png	ys-599f38af-c45d-4c8e-83bb-ea01ad614fae.png
park/migration/2026/08/08/pk00011_011.png	ys-980cf6fe-c18d-4f87-ae04-4ea8887290da.png
park/migration/2026/08/08/pk00011_012.png	ys-119b1f58-65b0-4ebe-8312-87bfa4fce495.png
park/migration/2026/08/08/pk00011_013.png	ys-4ddc8960-9042-430e-b5fd-b348dd68aa06.png
park/migration/2026/08/08/pk00011_cat_190.png	ys-9313892c-4747-423f-9c85-12927680ac7e.png
park/migration/2026/08/08/pk00011_cat_191.png	ys-9313892c-4747-423f-9c85-12927680ac7e.png
park/migration/2026/08/08/pk00011_cat_192.png	ys-9313892c-4747-423f-9c85-12927680ac7e.png
park/migration/2026/08/08/pk00011_cat_193.png	ys-9313892c-4747-423f-9c85-12927680ac7e.png
park/migration/2026/08/08/pk00011_cat_194.png	ys-9313892c-4747-423f-9c85-12927680ac7e.png
park/migration/2026/08/08/pk00011_cat_195.png	ys-9313892c-4747-423f-9c85-12927680ac7e.png
park/migration/2026/08/08/pk00011_cat_196.png	ys-9313892c-4747-423f-9c85-12927680ac7e.png
park/migration/2026/08/08/pk00011_cat_197.png	ys-9313892c-4747-423f-9c85-12927680ac7e.png
park/migration/2026/08/08/pk00011_ent_000.png	ys-2e3edd28-7d7f-4525-ae0c-0cfc34a0d049.png
park/migration/2026/08/08/pk00011_ent_001.png	ys-2e3edd28-7d7f-4525-ae0c-0cfc34a0d049.png
park/migration/2026/08/08/pk00011_ent_002.png	ys-2e3edd28-7d7f-4525-ae0c-0cfc34a0d049.png
park/migration/2026/08/08/pk00011_ent_003.png	ys-2e3edd28-7d7f-4525-ae0c-0cfc34a0d049.png
park/migration/2026/08/08/pk00011_ent_004.png	ys-2e3edd28-7d7f-4525-ae0c-0cfc34a0d049.png
park/migration/2026/08/08/pk00011_ent_005.png	ys-2e3edd28-7d7f-4525-ae0c-0cfc34a0d049.png
park/migration/2026/08/08/pk00011_ent_006.png	ys-2e3edd28-7d7f-4525-ae0c-0cfc34a0d049.png
park/migration/2026/08/08/pk00011_env_181.png	ys-f0727685-9a00-4dda-a137-03a3a22c4f6d.png
park/migration/2026/08/08/pk00011_env_182.png	ys-f0727685-9a00-4dda-a137-03a3a22c4f6d.png
park/migration/2026/08/08/pk00011_env_183.png	ys-f0727685-9a00-4dda-a137-03a3a22c4f6d.png
park/migration/2026/08/08/pk00011_env_184.png	ys-f0727685-9a00-4dda-a137-03a3a22c4f6d.png
park/migration/2026/08/08/pk00011_env_185.png	ys-f0727685-9a00-4dda-a137-03a3a22c4f6d.png
park/migration/2026/08/08/pk00011_env_186.png	ys-f0727685-9a00-4dda-a137-03a3a22c4f6d.png
park/migration/2026/08/08/pk00011_env_187.png	ys-f0727685-9a00-4dda-a137-03a3a22c4f6d.png
park/migration/2026/08/08/pk00011_env_188.png	ys-f0727685-9a00-4dda-a137-03a3a22c4f6d.png
park/migration/2026/08/08/pk00011_env_189.png	ys-f0727685-9a00-4dda-a137-03a3a22c4f6d.png
park/migration/2026/08/08/pk00011_food_173.png	ys-9313892c-4747-423f-9c85-12927680ac7e.png
park/migration/2026/08/08/pk00011_health_000.png	ys-72d4a8bb-7be6-40bf-b332-18cf00c40e13.png
park/migration/2026/08/08/pk00011_health_001.png	ys-72d4a8bb-7be6-40bf-b332-18cf00c40e13.png
park/migration/2026/08/08/pk00011_health_002.png	ys-72d4a8bb-7be6-40bf-b332-18cf00c40e13.png
park/migration/2026/08/08/pk00011_health_003.png	ys-72d4a8bb-7be6-40bf-b332-18cf00c40e13.png
park/migration/2026/08/08/pk00011_health_004.png	ys-72d4a8bb-7be6-40bf-b332-18cf00c40e13.png
park/migration/2026/08/08/pk00011_health_005.png	ys-72d4a8bb-7be6-40bf-b332-18cf00c40e13.png
park/migration/2026/08/08/pk00011_health_006.png	ys-72d4a8bb-7be6-40bf-b332-18cf00c40e13.png
park/migration/2026/08/08/pk00011_health_007.png	ys-72d4a8bb-7be6-40bf-b332-18cf00c40e13.png
park/migration/2026/08/08/pk00011_room_008.png	ys-77cf9ad4-c17a-403a-b7ba-da846250cd56.png
park/migration/2026/08/08/pk00011_room_009.png	ys-77cf9ad4-c17a-403a-b7ba-da846250cd56.png
park/migration/2026/08/08/pk00011_room_010.png	ys-77cf9ad4-c17a-403a-b7ba-da846250cd56.png
park/migration/2026/08/08/pk00011_room_011.png	ys-77cf9ad4-c17a-403a-b7ba-da846250cd56.png
park/migration/2026/08/08/pk00011_room_012.png	ys-77cf9ad4-c17a-403a-b7ba-da846250cd56.png
park/migration/2026/08/08/pk00011_room_013.png	ys-77cf9ad4-c17a-403a-b7ba-da846250cd56.png
park/migration/2026/08/08/pk00011_room_014.png	ys-77cf9ad4-c17a-403a-b7ba-da846250cd56.png
park/migration/2026/08/08/pk00011_room_015.png	ys-77cf9ad4-c17a-403a-b7ba-da846250cd56.png
park/migration/2026/08/08/pk00011_room_016.png	ys-77cf9ad4-c17a-403a-b7ba-da846250cd56.png
park/migration/2026/08/08/pk00011_room_017.png	ys-77cf9ad4-c17a-403a-b7ba-da846250cd56.png
park/migration/2026/08/08/pk00011_room_018.png	ys-77cf9ad4-c17a-403a-b7ba-da846250cd56.png
park/migration/2026/08/08/pk00012_000.jpg	6c8c18f8-c3bc-44e8-8a8f-025aa2d69e48.jpg
park/migration/2026/08/08/pk00012_001.png	ys-c90f972d-2eaa-4f26-8f9a-bcd908a5084d.png
park/migration/2026/08/08/pk00012_002.jpg	febe4a1f-a5f0-4ed7-9f8e-18fc2fc610d3.jpg
park/migration/2026/08/08/pk00012_003.png	ys-8df25577-b852-4b29-92f4-8afbc3dde356.png
park/migration/2026/08/08/pk00012_004.png	ys-4b02b6c3-bcb1-42fb-bdcb-0ee63af03fce.png
park/migration/2026/08/08/pk00012_005.jpg	e332ec0e-f0cf-4da4-8a30-e1ed6f55feb8.jpg
park/migration/2026/08/08/pk00012_006.jpg	10b9a1fa-9824-41d1-ac30-d70feeb42ab2.jpg
park/migration/2026/08/08/pk00012_cat_273.png	d1deec7e-5ba8-4cb7-a8aa-5cb9ef99d1fa.jpg
park/migration/2026/08/08/pk00012_cat_274.png	d1deec7e-5ba8-4cb7-a8aa-5cb9ef99d1fa.jpg
park/migration/2026/08/08/pk00012_cat_275.png	d1deec7e-5ba8-4cb7-a8aa-5cb9ef99d1fa.jpg
park/migration/2026/08/08/pk00012_cat_276.png	d1deec7e-5ba8-4cb7-a8aa-5cb9ef99d1fa.jpg
park/migration/2026/08/08/pk00012_cat_277.png	d1deec7e-5ba8-4cb7-a8aa-5cb9ef99d1fa.jpg
park/migration/2026/08/08/pk00012_cat_278.png	d1deec7e-5ba8-4cb7-a8aa-5cb9ef99d1fa.jpg
park/migration/2026/08/08/pk00012_ent_000.png	ys-4b02b6c3-bcb1-42fb-bdcb-0ee63af03fce.png
park/migration/2026/08/08/pk00012_ent_001.jpg	ys-4b02b6c3-bcb1-42fb-bdcb-0ee63af03fce.png
park/migration/2026/08/08/pk00012_ent_002.jpg	ys-4b02b6c3-bcb1-42fb-bdcb-0ee63af03fce.png
park/migration/2026/08/08/pk00012_env_268.png	ed495c39-f25e-4a60-a484-679b00566d9f.jpg
park/migration/2026/08/08/pk00012_env_269.png	ed495c39-f25e-4a60-a484-679b00566d9f.jpg
park/migration/2026/08/08/pk00012_env_270.png	ed495c39-f25e-4a60-a484-679b00566d9f.jpg
park/migration/2026/08/08/pk00012_env_271.png	ed495c39-f25e-4a60-a484-679b00566d9f.jpg
park/migration/2026/08/08/pk00012_env_272.png	ed495c39-f25e-4a60-a484-679b00566d9f.jpg
park/migration/2026/08/08/pk00012_food_262.png	d1deec7e-5ba8-4cb7-a8aa-5cb9ef99d1fa.jpg
park/migration/2026/08/08/pk00012_health_000.png	e6e96292-d772-4cf3-8a68-8042b136f89d.png
park/migration/2026/08/08/pk00012_health_001.png	e6e96292-d772-4cf3-8a68-8042b136f89d.png
park/migration/2026/08/08/pk00012_health_002.png	e6e96292-d772-4cf3-8a68-8042b136f89d.png
park/migration/2026/08/08/pk00012_health_003.jpg	e6e96292-d772-4cf3-8a68-8042b136f89d.png
park/migration/2026/08/08/pk00012_room_071.png	ys-51dc6176-4fd2-49c3-8a23-92030d67a63d.png
park/migration/2026/08/08/pk00012_room_072.png	ys-51dc6176-4fd2-49c3-8a23-92030d67a63d.png
park/migration/2026/08/08/pk00012_room_073.png	ys-51dc6176-4fd2-49c3-8a23-92030d67a63d.png
park/migration/2026/08/08/pk00012_room_074.png	ys-51dc6176-4fd2-49c3-8a23-92030d67a63d.png
park/migration/2026/08/08/pk00012_room_075.png	ys-51dc6176-4fd2-49c3-8a23-92030d67a63d.png
park/migration/2026/08/08/pk00012_room_076.png	ys-51dc6176-4fd2-49c3-8a23-92030d67a63d.png
park/migration/2026/08/08/pk00012_room_077.png	ys-51dc6176-4fd2-49c3-8a23-92030d67a63d.png
park/migration/2026/08/08/pk00013_000.jpg	0659e2c5-29ee-475e-9801-038e3937f3bd.jpg
park/migration/2026/08/08/pk00013_001.jpg	74a46e1f-133d-4223-919c-c4f253137e11.jpg
park/migration/2026/08/08/pk00013_002.jpg	4e173053-8bf3-4088-9b91-ce9a057e51d2.jpg
park/migration/2026/08/08/pk00013_003.jpg	f23dbc85-2946-41c5-940b-fa75f0381870.jpg
park/migration/2026/08/08/pk00013_004.jpg	5e3604c4-5d44-4e8a-b108-eadb0d7ac97e.jpg
park/migration/2026/08/08/pk00013_005.jpg	af0b5aab-c3ed-4c6b-8dd2-c1cca76445aa.jpg
park/migration/2026/08/08/pk00013_006.jpg	983894c7-9c9c-49d3-b0cc-c91098767140.jpg
park/migration/2026/08/08/pk00013_007.jpg	e3ef601a-6b53-4efa-9f21-80983bb29f6f.jpg
park/migration/2026/08/08/pk00013_008.jpg	187734d8-7a7e-43e0-be01-e09aa03e0cb4.jpg
park/migration/2026/08/08/pk00013_009.jpg	c77c0286-c605-45ca-b1e4-b1bcaf3a5a81.jpg
park/migration/2026/08/08/pk00013_010.jpg	0676b7dc-e98c-4d44-b961-cd1bfea36ced.jpg
park/migration/2026/08/08/pk00013_011.jpg	39c4d53b-b109-47f4-9348-a3add9d72962.jpg
park/migration/2026/08/08/pk00013_012.jpg	6781df9a-65f4-4750-9095-84b902e72de1.jpg
park/migration/2026/08/08/pk00013_013.jpg	23502285-86b5-4de8-8842-55dc585d8e4c.jpg
park/migration/2026/08/08/pk00013_014.jpg	272d038f-ad39-4d76-bbbe-7660efb4e1d3.jpg
park/migration/2026/08/08/pk00013_015.jpg	4c66c9bc-ec1b-468c-a86a-841012c2b238.jpg
park/migration/2026/08/08/pk00013_cat_258.png	f54b75b9-e2ee-482b-8fe9-764ef4256d77.jpg
park/migration/2026/08/08/pk00013_cat_259.png	f54b75b9-e2ee-482b-8fe9-764ef4256d77.jpg
park/migration/2026/08/08/pk00013_cat_260.png	f54b75b9-e2ee-482b-8fe9-764ef4256d77.jpg
park/migration/2026/08/08/pk00013_cat_261.png	f54b75b9-e2ee-482b-8fe9-764ef4256d77.jpg
park/migration/2026/08/08/pk00013_ent_000.jpg	983894c7-9c9c-49d3-b0cc-c91098767140.jpg
park/migration/2026/08/08/pk00013_ent_001.jpg	983894c7-9c9c-49d3-b0cc-c91098767140.jpg
park/migration/2026/08/08/pk00013_ent_002.jpg	983894c7-9c9c-49d3-b0cc-c91098767140.jpg
park/migration/2026/08/08/pk00013_ent_003.jpg	983894c7-9c9c-49d3-b0cc-c91098767140.jpg
park/migration/2026/08/08/pk00013_ent_004.jpg	983894c7-9c9c-49d3-b0cc-c91098767140.jpg
park/migration/2026/08/08/pk00013_ent_005.jpg	983894c7-9c9c-49d3-b0cc-c91098767140.jpg
park/migration/2026/08/08/pk00013_ent_006.jpg	983894c7-9c9c-49d3-b0cc-c91098767140.jpg
park/migration/2026/08/08/pk00013_ent_007.jpg	983894c7-9c9c-49d3-b0cc-c91098767140.jpg
park/migration/2026/08/08/pk00013_ent_008.jpg	983894c7-9c9c-49d3-b0cc-c91098767140.jpg
park/migration/2026/08/08/pk00013_ent_009.jpg	983894c7-9c9c-49d3-b0cc-c91098767140.jpg
park/migration/2026/08/08/pk00013_env_249.png	8d77e390-872f-4e0a-a3db-b3d5f70fcfb0.jpg
park/migration/2026/08/08/pk00013_env_250.png	8d77e390-872f-4e0a-a3db-b3d5f70fcfb0.jpg
park/migration/2026/08/08/pk00013_env_251.png	8d77e390-872f-4e0a-a3db-b3d5f70fcfb0.jpg
park/migration/2026/08/08/pk00013_env_252.png	8d77e390-872f-4e0a-a3db-b3d5f70fcfb0.jpg
park/migration/2026/08/08/pk00013_env_253.png	8d77e390-872f-4e0a-a3db-b3d5f70fcfb0.jpg
park/migration/2026/08/08/pk00013_env_254.png	8d77e390-872f-4e0a-a3db-b3d5f70fcfb0.jpg
park/migration/2026/08/08/pk00013_env_255.png	8d77e390-872f-4e0a-a3db-b3d5f70fcfb0.jpg
park/migration/2026/08/08/pk00013_env_256.png	8d77e390-872f-4e0a-a3db-b3d5f70fcfb0.jpg
park/migration/2026/08/08/pk00013_env_257.png	8d77e390-872f-4e0a-a3db-b3d5f70fcfb0.jpg
park/migration/2026/08/08/pk00013_food_245.png	f54b75b9-e2ee-482b-8fe9-764ef4256d77.jpg
park/migration/2026/08/08/pk00013_health_000.jpg	b0f4e73c-8a3e-4cd7-b1da-89979a476107.jpg
park/migration/2026/08/08/pk00013_room_066.png	7203de82-5a43-48af-8a30-4f43eed608bf.jpg
park/migration/2026/08/08/pk00013_room_067.png	7203de82-5a43-48af-8a30-4f43eed608bf.jpg
park/migration/2026/08/08/pk00013_room_068.png	7203de82-5a43-48af-8a30-4f43eed608bf.jpg
park/migration/2026/08/08/pk00013_room_069.png	7203de82-5a43-48af-8a30-4f43eed608bf.jpg
park/migration/2026/08/08/pk00013_room_070.png	7203de82-5a43-48af-8a30-4f43eed608bf.jpg
park/migration/2026/08/08/pk00014_000.jpg	d167137d-bcbd-4c70-b067-e64e368cd878.jpg
park/migration/2026/08/08/pk00014_001.jpg	e97527d0-9161-4fd6-94e3-c1d61a010fe9.jpg
park/migration/2026/08/08/pk00014_002.jpg	62503988-a88e-4d6a-af81-9d685505b510.jpg
park/migration/2026/08/08/pk00014_003.jpg	40637224-b3e2-4101-b05b-2d670cf5dee4.jpg
park/migration/2026/08/08/pk00014_004.jpg	0f25c480-e0af-4e17-be5d-49d915c73541.jpg
park/migration/2026/08/08/pk00014_005.jpg	f3d3048f-d208-43f2-aa87-93a94293ea71.jpg
park/migration/2026/08/08/pk00014_006.jpg	1cc5d8cb-379d-4f87-b5dc-6e49c85bde84.jpg
park/migration/2026/08/08/pk00014_007.jpg	440abcb5-48e6-4cd9-8bfa-47d46d6065d4.jpg
park/migration/2026/08/08/pk00014_cat_205.png	38c33ac8-6e6c-4c4b-82d4-88ffeb17ef22.jpg
park/migration/2026/08/08/pk00014_ent_000.jpg	f3d3048f-d208-43f2-aa87-93a94293ea71.jpg
park/migration/2026/08/08/pk00014_ent_001.jpg	f3d3048f-d208-43f2-aa87-93a94293ea71.jpg
park/migration/2026/08/08/pk00014_ent_002.jpg	f3d3048f-d208-43f2-aa87-93a94293ea71.jpg
park/migration/2026/08/08/pk00014_env_199.png	5bf13cb4-3e08-42d2-be55-f8ce0bdf6481.jpg
park/migration/2026/08/08/pk00014_env_200.png	5bf13cb4-3e08-42d2-be55-f8ce0bdf6481.jpg
park/migration/2026/08/08/pk00014_env_201.png	5bf13cb4-3e08-42d2-be55-f8ce0bdf6481.jpg
park/migration/2026/08/08/pk00014_env_202.png	5bf13cb4-3e08-42d2-be55-f8ce0bdf6481.jpg
park/migration/2026/08/08/pk00014_env_203.png	5bf13cb4-3e08-42d2-be55-f8ce0bdf6481.jpg
park/migration/2026/08/08/pk00014_env_204.png	5bf13cb4-3e08-42d2-be55-f8ce0bdf6481.jpg
park/migration/2026/08/08/pk00014_food_198.png	38c33ac8-6e6c-4c4b-82d4-88ffeb17ef22.jpg
park/migration/2026/08/08/pk00014_health_000.jpg	7c01393c-b8c9-4122-9c61-ac3d902d3caa.jpg
park/migration/2026/08/08/pk00014_room_019.png	92541fa6-1262-4774-a39b-86ef70988af1.jpg
park/migration/2026/08/08/pk00014_room_020.png	92541fa6-1262-4774-a39b-86ef70988af1.jpg
park/migration/2026/08/08/pk00014_room_021.png	92541fa6-1262-4774-a39b-86ef70988af1.jpg
park/migration/2026/08/08/pk00014_room_022.png	92541fa6-1262-4774-a39b-86ef70988af1.jpg
park/migration/2026/08/08/pk00014_room_023.png	92541fa6-1262-4774-a39b-86ef70988af1.jpg
park/migration/2026/08/08/pk00014_room_024.png	92541fa6-1262-4774-a39b-86ef70988af1.jpg
park/migration/2026/08/08/pk00014_room_025.png	92541fa6-1262-4774-a39b-86ef70988af1.jpg
park/migration/2026/08/08/pk00015_000.jpg	51b5ebe6-70f5-49fb-b43a-d9832e716b14.jpg
park/migration/2026/08/08/pk00015_001.jpg	44b4fcbc-e9f8-4ac3-88d0-eec604572ac1.jpg
park/migration/2026/08/08/pk00015_002.jpg	ae0c97fe-26e6-4a9d-abd7-987ab168342d.jpg
park/migration/2026/08/08/pk00015_003.jpg	27038913-4152-4816-b657-6525b4830afc.jpg
park/migration/2026/08/08/pk00015_004.jpg	1a831d8a-a829-41c8-8b95-135ef78a213c.jpg
park/migration/2026/08/08/pk00015_005.jpg	28805d8f-1dbf-41c9-8485-12b5c43ff4e3.jpg
park/migration/2026/08/08/pk00015_006.jpg	fc0acb84-ad18-4d1d-bb1c-f295041a480a.jpg
park/migration/2026/08/08/pk00015_007.jpg	2c6b2206-ff08-4b86-9f8c-1b732332b8a7.jpg
park/migration/2026/08/08/pk00015_room_107.png	fd550326-1f7b-4a72-a00d-323f8209e64e.jpg
park/migration/2026/08/08/pk00015_room_108.png	fd550326-1f7b-4a72-a00d-323f8209e64e.jpg
park/migration/2026/08/08/pk00015_room_109.png	fd550326-1f7b-4a72-a00d-323f8209e64e.jpg
park/migration/2026/08/08/pk00015_room_110.png	fd550326-1f7b-4a72-a00d-323f8209e64e.jpg
park/migration/2026/08/08/pk00015_room_111.png	fd550326-1f7b-4a72-a00d-323f8209e64e.jpg
park/migration/2026/08/08/pk00015_room_112.png	fd550326-1f7b-4a72-a00d-323f8209e64e.jpg
park/migration/2026/08/08/pk00015_room_113.png	fd550326-1f7b-4a72-a00d-323f8209e64e.jpg
park/migration/2026/08/08/pk00015_room_114.png	fd550326-1f7b-4a72-a00d-323f8209e64e.jpg
park/migration/2026/08/08/pk00015_room_115.png	fd550326-1f7b-4a72-a00d-323f8209e64e.jpg
park/migration/2026/08/08/pk00015_room_116.png	fd550326-1f7b-4a72-a00d-323f8209e64e.jpg
park/migration/2026/08/08/pk00016_000.jpg	21b81a9d-7ab2-40fc-aed9-928d3890a62f.jpg
park/migration/2026/08/08/pk00016_001.jpg	57551006-aa6e-4f16-9fbb-012dd16714e5.jpg
park/migration/2026/08/08/pk00016_002.jpg	c3f20057-4c16-4059-b658-2d8d2995c5dd.jpg
park/migration/2026/08/08/pk00016_003.jpg	ad3f7362-0b25-4f5c-a6e7-68e77502bf21.jpg
park/migration/2026/08/08/pk00016_004.jpg	6b6bfafa-d19a-49df-8237-487282413f02.jpg
park/migration/2026/08/08/pk00016_005.jpg	66f81866-8e8d-4180-8e0d-1e30e754e598.jpg
park/migration/2026/08/08/pk00016_006.jpg	ea25bffa-2cf4-4ede-8680-8c4250b4a619.jpg
park/migration/2026/08/08/pk00016_007.jpg	3f1f2195-55b6-41de-bf79-5e17818e53bf.jpg
park/migration/2026/08/08/pk00016_008.jpg	c83e3518-b0d4-4054-b749-70be553b8819.jpg
park/migration/2026/08/08/pk00016_009.png	f2cac297-e3b6-4a15-aa61-1650196e52d3.png
park/migration/2026/08/08/pk00016_010.png	025e3233-9cfe-4aa7-a405-6fd146eacd51.png
park/migration/2026/08/08/pk00016_011.png	186afb19-d8a8-4641-8920-311e9a283deb.png
park/migration/2026/08/08/pk00016_ent_000.jpg	66f81866-8e8d-4180-8e0d-1e30e754e598.jpg
park/migration/2026/08/08/pk00016_ent_001.jpg	66f81866-8e8d-4180-8e0d-1e30e754e598.jpg
park/migration/2026/08/08/pk00016_ent_002.jpg	66f81866-8e8d-4180-8e0d-1e30e754e598.jpg
park/migration/2026/08/08/pk00016_ent_003.jpg	66f81866-8e8d-4180-8e0d-1e30e754e598.jpg
park/migration/2026/08/08/pk00016_ent_004.png	66f81866-8e8d-4180-8e0d-1e30e754e598.jpg
park/migration/2026/08/08/pk00016_ent_005.png	66f81866-8e8d-4180-8e0d-1e30e754e598.jpg
park/migration/2026/08/08/pk00016_ent_006.png	66f81866-8e8d-4180-8e0d-1e30e754e598.jpg
park/migration/2026/08/08/pk00016_env_295.png	9ea832b5-3d8f-4f57-b899-a86206ca90d7.jpg
park/migration/2026/08/08/pk00016_env_296.png	9ea832b5-3d8f-4f57-b899-a86206ca90d7.jpg
park/migration/2026/08/08/pk00016_env_297.png	9ea832b5-3d8f-4f57-b899-a86206ca90d7.jpg
park/migration/2026/08/08/pk00016_env_298.png	9ea832b5-3d8f-4f57-b899-a86206ca90d7.jpg
park/migration/2026/08/08/pk00016_env_299.png	9ea832b5-3d8f-4f57-b899-a86206ca90d7.jpg
park/migration/2026/08/08/pk00016_health_000.png	51d08647-caa7-4f74-a09b-19cdc57134af.png
park/migration/2026/08/08/pk00016_room_117.png	bf26eabe-891e-4b2f-bb9e-5d89e3c5d737.jpg
park/migration/2026/08/08/pk00016_room_118.png	bf26eabe-891e-4b2f-bb9e-5d89e3c5d737.jpg
park/migration/2026/08/08/pk00016_room_119.png	bf26eabe-891e-4b2f-bb9e-5d89e3c5d737.jpg
park/migration/2026/08/08/pk00016_room_120.png	bf26eabe-891e-4b2f-bb9e-5d89e3c5d737.jpg
park/migration/2026/08/08/pk00016_room_121.png	bf26eabe-891e-4b2f-bb9e-5d89e3c5d737.jpg
park/migration/2026/08/08/pk00016_room_122.png	bf26eabe-891e-4b2f-bb9e-5d89e3c5d737.jpg
park/migration/2026/08/08/pk00017_000.jpg	fb63b079-7ef9-497f-bbab-8b00642ac723.jpg
park/migration/2026/08/08/pk00017_001.jpg	0c74d766-7ac4-4c3d-9952-f21e568f08c6.jpg
park/migration/2026/08/08/pk00017_002.jpg	cd3d26ac-b7e2-4e84-ad06-c7df664de4f3.jpg
park/migration/2026/08/08/pk00017_003.jpg	9d1a8907-4f94-4704-8539-9db721f873d8.jpg
park/migration/2026/08/08/pk00017_004.jpg	28410940-0a5f-4867-abd0-35884aca1b9b.jpg
park/migration/2026/08/08/pk00017_005.jpg	9b287e43-a0bc-4c17-a41d-fa08825c01a1.jpg
park/migration/2026/08/08/pk00017_006.jpg	5185a12d-6120-4e8f-95bf-2b17b53e58e4.jpg
park/migration/2026/08/08/pk00017_007.jpg	0a482c8e-fbb8-441d-88c9-7a0a41b2ac17.jpg
park/migration/2026/08/08/pk00017_008.jpg	ec134121-9a5d-4963-96ca-650faee6eff3.jpg
park/migration/2026/08/08/pk00017_009.jpg	19191e08-e216-4284-ae34-fbc5310827bf.jpg
park/migration/2026/08/08/pk00017_010.jpg	99a5e52a-220b-4c99-baa5-3e3d01e366f8.jpg
park/migration/2026/08/08/pk00017_011.jpg	435b210d-5a2c-4722-829f-e3b9fbc7f0d4.jpg
park/migration/2026/08/08/pk00017_012.jpg	35af377b-24e6-4822-a368-d592d0fcc47b.jpg
park/migration/2026/08/08/pk00017_013.jpg	e055c4f8-019f-450d-adbe-39e9251b7a6c.jpg
park/migration/2026/08/08/pk00017_014.jpg	bda5c7ac-9346-4a31-8d60-b55e69e5a8ea.jpg
park/migration/2026/08/08/pk00017_015.jpg	128ebe67-2f10-4391-8843-fb2a1374b3c8.jpg
park/migration/2026/08/08/pk00017_016.jpg	dbff1923-7d88-4a56-8102-a5d1f87e8eca.jpg
park/migration/2026/08/08/pk00017_017.jpg	5240f246-b01c-4a5a-9a55-8b4bbf52aba5.jpg
park/migration/2026/08/08/pk00017_018.jpg	5d565774-2111-4094-a94a-e0d13fca94ce.jpg
park/migration/2026/08/08/pk00017_019.jpg	86ca93b0-0f13-4949-8bdd-28d6dff62bc8.jpg
park/migration/2026/08/08/pk00017_020.jpg	965f0eee-9ca7-4b0b-929e-8c7b185ba20b.jpg
park/migration/2026/08/08/pk00017_021.jpg	54c4b790-9fa9-42a2-83d5-1dc028c65b3c.jpg
park/migration/2026/08/08/pk00017_022.jpg	cb29db0c-4f0d-4a29-baa7-4f35f8051864.jpg
park/migration/2026/08/08/pk00017_023.jpg	59969d8b-d780-4f5c-a4e3-1071fa25eb14.jpg
park/migration/2026/08/08/pk00017_024.jpg	309322cb-ffd2-4972-90f9-3eb6e78aaa00.jpg
park/migration/2026/08/08/pk00017_cat_229.png	5141dfff-7f0d-43e6-aed6-574dd90aa6b2.jpg
park/migration/2026/08/08/pk00017_cat_230.png	5141dfff-7f0d-43e6-aed6-574dd90aa6b2.jpg
park/migration/2026/08/08/pk00017_cat_231.png	5141dfff-7f0d-43e6-aed6-574dd90aa6b2.jpg
park/migration/2026/08/08/pk00017_cat_232.png	5141dfff-7f0d-43e6-aed6-574dd90aa6b2.jpg
park/migration/2026/08/08/pk00017_ent_000.jpg	5185a12d-6120-4e8f-95bf-2b17b53e58e4.jpg
park/migration/2026/08/08/pk00017_ent_001.jpg	5185a12d-6120-4e8f-95bf-2b17b53e58e4.jpg
park/migration/2026/08/08/pk00017_ent_002.jpg	5185a12d-6120-4e8f-95bf-2b17b53e58e4.jpg
park/migration/2026/08/08/pk00017_ent_003.jpg	5185a12d-6120-4e8f-95bf-2b17b53e58e4.jpg
park/migration/2026/08/08/pk00017_ent_004.jpg	5185a12d-6120-4e8f-95bf-2b17b53e58e4.jpg
park/migration/2026/08/08/pk00017_ent_005.jpg	5185a12d-6120-4e8f-95bf-2b17b53e58e4.jpg
park/migration/2026/08/08/pk00017_ent_006.jpg	5185a12d-6120-4e8f-95bf-2b17b53e58e4.jpg
park/migration/2026/08/08/pk00017_ent_007.jpg	5185a12d-6120-4e8f-95bf-2b17b53e58e4.jpg
park/migration/2026/08/08/pk00017_ent_008.jpg	5185a12d-6120-4e8f-95bf-2b17b53e58e4.jpg
park/migration/2026/08/08/pk00017_ent_009.jpg	5185a12d-6120-4e8f-95bf-2b17b53e58e4.jpg
park/migration/2026/08/08/pk00017_ent_010.jpg	5185a12d-6120-4e8f-95bf-2b17b53e58e4.jpg
park/migration/2026/08/08/pk00017_ent_011.jpg	5185a12d-6120-4e8f-95bf-2b17b53e58e4.jpg
park/migration/2026/08/08/pk00017_ent_012.jpg	5185a12d-6120-4e8f-95bf-2b17b53e58e4.jpg
park/migration/2026/08/08/pk00017_ent_013.jpg	5185a12d-6120-4e8f-95bf-2b17b53e58e4.jpg
park/migration/2026/08/08/pk00017_ent_014.jpg	5185a12d-6120-4e8f-95bf-2b17b53e58e4.jpg
park/migration/2026/08/08/pk00017_ent_015.jpg	5185a12d-6120-4e8f-95bf-2b17b53e58e4.jpg
park/migration/2026/08/08/pk00017_ent_016.jpg	5185a12d-6120-4e8f-95bf-2b17b53e58e4.jpg
park/migration/2026/08/08/pk00017_ent_017.jpg	5185a12d-6120-4e8f-95bf-2b17b53e58e4.jpg
park/migration/2026/08/08/pk00017_ent_018.jpg	5185a12d-6120-4e8f-95bf-2b17b53e58e4.jpg
park/migration/2026/08/08/pk00017_env_210.png	97d60111-9926-4084-98cd-69293b969f5a.jpg
park/migration/2026/08/08/pk00017_env_211.png	97d60111-9926-4084-98cd-69293b969f5a.jpg
park/migration/2026/08/08/pk00017_env_212.png	97d60111-9926-4084-98cd-69293b969f5a.jpg
park/migration/2026/08/08/pk00017_env_213.png	97d60111-9926-4084-98cd-69293b969f5a.jpg
park/migration/2026/08/08/pk00017_env_214.png	97d60111-9926-4084-98cd-69293b969f5a.jpg
park/migration/2026/08/08/pk00017_env_215.png	97d60111-9926-4084-98cd-69293b969f5a.jpg
park/migration/2026/08/08/pk00017_env_216.png	97d60111-9926-4084-98cd-69293b969f5a.jpg
park/migration/2026/08/08/pk00017_env_217.png	97d60111-9926-4084-98cd-69293b969f5a.jpg
park/migration/2026/08/08/pk00017_env_218.png	97d60111-9926-4084-98cd-69293b969f5a.jpg
park/migration/2026/08/08/pk00017_env_219.png	97d60111-9926-4084-98cd-69293b969f5a.jpg
park/migration/2026/08/08/pk00017_env_220.png	97d60111-9926-4084-98cd-69293b969f5a.jpg
park/migration/2026/08/08/pk00017_env_221.png	97d60111-9926-4084-98cd-69293b969f5a.jpg
park/migration/2026/08/08/pk00017_env_222.png	97d60111-9926-4084-98cd-69293b969f5a.jpg
park/migration/2026/08/08/pk00017_env_223.png	97d60111-9926-4084-98cd-69293b969f5a.jpg
park/migration/2026/08/08/pk00017_env_224.png	97d60111-9926-4084-98cd-69293b969f5a.jpg
park/migration/2026/08/08/pk00017_env_225.png	97d60111-9926-4084-98cd-69293b969f5a.jpg
park/migration/2026/08/08/pk00017_env_226.png	97d60111-9926-4084-98cd-69293b969f5a.jpg
park/migration/2026/08/08/pk00017_env_227.png	97d60111-9926-4084-98cd-69293b969f5a.jpg
park/migration/2026/08/08/pk00017_env_228.png	97d60111-9926-4084-98cd-69293b969f5a.jpg
park/migration/2026/08/08/pk00017_food_206.png	5141dfff-7f0d-43e6-aed6-574dd90aa6b2.jpg
park/migration/2026/08/08/pk00017_health_000.jpg	f6662c70-9016-4a38-b638-84eee8436f7e.jpg
park/migration/2026/08/08/pk00017_health_001.png	f6662c70-9016-4a38-b638-84eee8436f7e.jpg
park/migration/2026/08/08/pk00017_health_002.png	f6662c70-9016-4a38-b638-84eee8436f7e.jpg
park/migration/2026/08/08/pk00017_room_026.png	a63e9a1a-1dd1-4994-87fb-cfbad924447f.jpg
park/migration/2026/08/08/pk00017_room_027.png	a63e9a1a-1dd1-4994-87fb-cfbad924447f.jpg
park/migration/2026/08/08/pk00017_room_028.png	a63e9a1a-1dd1-4994-87fb-cfbad924447f.jpg
park/migration/2026/08/08/pk00017_room_029.png	a63e9a1a-1dd1-4994-87fb-cfbad924447f.jpg
park/migration/2026/08/08/pk00017_room_030.png	a63e9a1a-1dd1-4994-87fb-cfbad924447f.jpg
park/migration/2026/08/08/pk00017_room_031.png	a63e9a1a-1dd1-4994-87fb-cfbad924447f.jpg
park/migration/2026/08/08/pk00017_room_032.png	a63e9a1a-1dd1-4994-87fb-cfbad924447f.jpg
park/migration/2026/08/08/pk00017_room_033.png	a63e9a1a-1dd1-4994-87fb-cfbad924447f.jpg
park/migration/2026/08/08/pk00017_room_034.png	a63e9a1a-1dd1-4994-87fb-cfbad924447f.jpg
park/migration/2026/08/08/pk00017_room_035.png	a63e9a1a-1dd1-4994-87fb-cfbad924447f.jpg
park/migration/2026/08/08/pk00017_room_036.png	a63e9a1a-1dd1-4994-87fb-cfbad924447f.jpg
park/migration/2026/08/08/pk00017_room_037.png	a63e9a1a-1dd1-4994-87fb-cfbad924447f.jpg
park/migration/2026/08/08/pk00017_room_038.png	a63e9a1a-1dd1-4994-87fb-cfbad924447f.jpg
park/migration/2026/08/08/pk00017_room_039.png	a63e9a1a-1dd1-4994-87fb-cfbad924447f.jpg
park/migration/2026/08/08/pk00018_000.png	caa85326-4135-4027-91e8-f243c5b0410a.png
park/migration/2026/08/08/pk00018_001.jpg	cdbddc41-5431-47f0-881e-bd179f07878f.jpg
park/migration/2026/08/08/pk00018_002.jpg	10669d1d-f8f9-4dfb-84fb-8ca39bceb9bf.jpg
park/migration/2026/08/08/pk00018_003.jpg	2402271f-f000-4e1f-b15a-b955a2a1affd.jpg
park/migration/2026/08/08/pk00018_004.jpg	19852bbd-f0d6-49a0-9e59-1e8c701c47c0.jpg
park/migration/2026/08/08/pk00018_005.jpg	883223d5-2dc3-4e9e-9ca3-f730150aa6de.jpg
park/migration/2026/08/08/pk00018_006.jpg	65060ed0-b05e-4e3a-b496-7a24a9e1c659.jpg
park/migration/2026/08/08/pk00018_007.jpg	7958d4ca-d893-4d11-91d5-e51f4dab051a.jpg
park/migration/2026/08/08/pk00018_008.jpg	2cf36c16-afd7-4fca-937e-4d6110bd8d06.jpg
park/migration/2026/08/08/pk00018_009.jpg	a217ff83-9365-40b7-8a1d-fc31f7cc534f.jpg
park/migration/2026/08/08/pk00018_010.jpg	66a2f335-71aa-42ba-8e61-bcef9a357374.jpg
park/migration/2026/08/08/pk00018_011.jpg	f2cb5aae-30a7-403d-891f-d55a571042f3.jpg
park/migration/2026/08/08/pk00018_012.jpg	f710b0d0-ffe1-43d8-be38-123e0883f531.jpg
park/migration/2026/08/08/pk00018_ent_000.jpg	883223d5-2dc3-4e9e-9ca3-f730150aa6de.jpg
park/migration/2026/08/08/pk00018_ent_001.jpg	883223d5-2dc3-4e9e-9ca3-f730150aa6de.jpg
park/migration/2026/08/08/pk00018_ent_002.jpg	883223d5-2dc3-4e9e-9ca3-f730150aa6de.jpg
park/migration/2026/08/08/pk00018_ent_003.jpg	883223d5-2dc3-4e9e-9ca3-f730150aa6de.jpg
park/migration/2026/08/08/pk00018_ent_004.jpg	883223d5-2dc3-4e9e-9ca3-f730150aa6de.jpg
park/migration/2026/08/08/pk00018_ent_005.jpg	883223d5-2dc3-4e9e-9ca3-f730150aa6de.jpg
park/migration/2026/08/08/pk00018_ent_006.jpg	883223d5-2dc3-4e9e-9ca3-f730150aa6de.jpg
park/migration/2026/08/08/pk00018_ent_007.jpg	883223d5-2dc3-4e9e-9ca3-f730150aa6de.jpg
park/migration/2026/08/08/pk00018_env_147.png	43bafe6e-cf5e-41d4-998c-0b052638217b.jpg
park/migration/2026/08/08/pk00018_env_148.png	43bafe6e-cf5e-41d4-998c-0b052638217b.jpg
park/migration/2026/08/08/pk00018_env_149.png	43bafe6e-cf5e-41d4-998c-0b052638217b.jpg
park/migration/2026/08/08/pk00018_env_150.png	43bafe6e-cf5e-41d4-998c-0b052638217b.jpg
park/migration/2026/08/08/pk00018_env_151.png	43bafe6e-cf5e-41d4-998c-0b052638217b.jpg
park/migration/2026/08/08/pk00018_env_152.png	43bafe6e-cf5e-41d4-998c-0b052638217b.jpg
park/migration/2026/08/08/pk00018_env_153.png	43bafe6e-cf5e-41d4-998c-0b052638217b.jpg
park/migration/2026/08/08/pk00018_env_154.png	43bafe6e-cf5e-41d4-998c-0b052638217b.jpg
park/migration/2026/08/08/pk00018_env_155.png	43bafe6e-cf5e-41d4-998c-0b052638217b.jpg
park/migration/2026/08/08/pk00018_env_156.png	43bafe6e-cf5e-41d4-998c-0b052638217b.jpg
park/migration/2026/08/08/pk00018_env_157.png	43bafe6e-cf5e-41d4-998c-0b052638217b.jpg
park/migration/2026/08/08/pk00018_env_158.png	43bafe6e-cf5e-41d4-998c-0b052638217b.jpg
park/migration/2026/08/08/pk00018_health_000.jpg	12a3a496-22e1-4a7f-b384-88b55aac82bd.jpg
park/migration/2026/08/08/pk00019_000.jpg	92248d48-84b2-4be9-8683-f8f57f4ea040.jpg
park/migration/2026/08/08/pk00019_001.jpg	260c1ee2-2070-40ca-91e0-8717df0a5f66.jpg
park/migration/2026/08/08/pk00019_002.jpg	b7a38630-c99a-4750-81da-0cb22772f7f9.jpg
park/migration/2026/08/08/pk00019_003.jpg	d25a63dd-b128-4374-89c3-2006db046d17.jpg
park/migration/2026/08/08/pk00019_004.jpg	0e815174-bd14-418e-96b8-4919945095ea.jpg
park/migration/2026/08/08/pk00019_005.jpg	fdcfb352-522b-4a90-98d4-ba865c493c86.jpg
park/migration/2026/08/08/pk00019_006.jpg	3901a9fb-df80-461a-9409-859d0afbbbe1.jpg
park/migration/2026/08/08/pk00019_007.jpg	f9125ad5-35c3-4624-907c-37583aa175cb.jpg
park/migration/2026/08/08/pk00019_008.jpg	06339a2b-c164-457c-bbf2-3c3eab313ff1.jpg
park/migration/2026/08/08/pk00019_009.jpg	15a7e08e-4afd-4820-ba38-0e8af6881a1b.jpg
park/migration/2026/08/08/pk00019_cat_146.png	c262c3ce-b999-4f0f-a381-73daa68ff8c9.jpg
park/migration/2026/08/08/pk00019_ent_000.jpg	fdcfb352-522b-4a90-98d4-ba865c493c86.jpg
park/migration/2026/08/08/pk00019_ent_001.jpg	fdcfb352-522b-4a90-98d4-ba865c493c86.jpg
park/migration/2026/08/08/pk00019_ent_002.jpg	fdcfb352-522b-4a90-98d4-ba865c493c86.jpg
park/migration/2026/08/08/pk00019_ent_003.jpg	fdcfb352-522b-4a90-98d4-ba865c493c86.jpg
park/migration/2026/08/08/pk00019_ent_004.jpg	fdcfb352-522b-4a90-98d4-ba865c493c86.jpg
park/migration/2026/08/08/pk00019_env_141.png	a8d2df04-838b-4da9-87a2-88d1ebb30818.jpg
park/migration/2026/08/08/pk00019_env_142.png	a8d2df04-838b-4da9-87a2-88d1ebb30818.jpg
park/migration/2026/08/08/pk00019_env_143.png	a8d2df04-838b-4da9-87a2-88d1ebb30818.jpg
park/migration/2026/08/08/pk00019_env_144.png	a8d2df04-838b-4da9-87a2-88d1ebb30818.jpg
park/migration/2026/08/08/pk00019_env_145.png	a8d2df04-838b-4da9-87a2-88d1ebb30818.jpg
park/migration/2026/08/08/pk00019_food_140.png	c262c3ce-b999-4f0f-a381-73daa68ff8c9.jpg
park/migration/2026/08/08/pk00019_health_000.jpg	ca92e4f3-c1d0-4005-ad31-eb6d52c1564c.jpg
park/migration/2026/08/08/pk00019_health_001.jpg	ca92e4f3-c1d0-4005-ad31-eb6d52c1564c.jpg
park/migration/2026/08/08/pk00019_health_002.jpg	ca92e4f3-c1d0-4005-ad31-eb6d52c1564c.jpg
park/migration/2026/08/08/pk00019_health_003.jpg	ca92e4f3-c1d0-4005-ad31-eb6d52c1564c.jpg
park/migration/2026/08/08/pk00019_health_004.jpg	ca92e4f3-c1d0-4005-ad31-eb6d52c1564c.jpg
park/migration/2026/08/08/pk00020_000.jpg	237de0af-9b02-4593-b4be-cc166bcceb1f.JPG
park/migration/2026/08/08/pk00020_001.jpg	a3b8381f-22ab-479c-aa8d-2ff08aa875ec.JPG
park/migration/2026/08/08/pk00020_002.jpg	9fe7941d-cfde-4586-a8b5-dd8db3d24094.JPG
park/migration/2026/08/08/pk00020_003.jpg	c756c94a-d7a4-473e-93b1-1767c5658fd3.JPG
park/migration/2026/08/08/pk00020_004.jpg	d9877c2a-81e3-45a1-88e4-31c66a08ec8a.JPG
park/migration/2026/08/08/pk00020_005.jpg	e2fcfcc1-f94a-48c6-8b3a-fcd341e225a1.JPG
park/migration/2026/08/08/pk00020_006.jpg	5a6b8b06-339c-4b74-bbd0-163024deed68.JPG
park/migration/2026/08/08/pk00020_007.jpg	36a0d5a1-c928-455b-b013-61325975ed88.JPG
park/migration/2026/08/08/pk00020_008.jpg	7f2cfa72-75b9-4f0a-8d77-3267381d2839.JPG
park/migration/2026/08/08/pk00020_009.jpg	4ee420aa-bb26-4fe2-8854-76a3cc7bf140.JPG
park/migration/2026/08/08/pk00020_010.jpg	6f6a450d-d768-4fb6-980a-f4360d75d77d.JPG
park/migration/2026/08/08/pk00020_011.jpg	b5b827a6-5bfe-4be2-8d2c-d13f0d3f9cca.JPG
park/migration/2026/08/08/pk00020_012.jpg	c32db2cd-9fde-4c16-8d01-c275f99b19b5.JPG
park/migration/2026/08/08/pk00020_cat_139.png	b05b9f28-469c-4192-9dd5-04bc18c5898d.JPG
park/migration/2026/08/08/pk00020_ent_000.jpg	e2fcfcc1-f94a-48c6-8b3a-fcd341e225a1.JPG
park/migration/2026/08/08/pk00020_ent_001.jpg	e2fcfcc1-f94a-48c6-8b3a-fcd341e225a1.JPG
park/migration/2026/08/08/pk00020_ent_002.jpg	e2fcfcc1-f94a-48c6-8b3a-fcd341e225a1.JPG
park/migration/2026/08/08/pk00020_ent_003.jpg	e2fcfcc1-f94a-48c6-8b3a-fcd341e225a1.JPG
park/migration/2026/08/08/pk00020_ent_004.jpg	e2fcfcc1-f94a-48c6-8b3a-fcd341e225a1.JPG
park/migration/2026/08/08/pk00020_ent_005.jpg	e2fcfcc1-f94a-48c6-8b3a-fcd341e225a1.JPG
park/migration/2026/08/08/pk00020_ent_006.jpg	e2fcfcc1-f94a-48c6-8b3a-fcd341e225a1.JPG
park/migration/2026/08/08/pk00020_ent_007.jpg	e2fcfcc1-f94a-48c6-8b3a-fcd341e225a1.JPG
park/migration/2026/08/08/pk00020_env_136.png	16aed5a2-cacd-4bc3-bf63-d19ca44b4dd2.JPG
park/migration/2026/08/08/pk00020_env_137.png	16aed5a2-cacd-4bc3-bf63-d19ca44b4dd2.JPG
park/migration/2026/08/08/pk00020_env_138.png	16aed5a2-cacd-4bc3-bf63-d19ca44b4dd2.JPG
park/migration/2026/08/08/pk00020_food_135.png	b05b9f28-469c-4192-9dd5-04bc18c5898d.JPG
park/migration/2026/08/08/pk00021_000.jpeg	59a28197-8ad8-4a49-9cb2-76d68ef66740.jpeg
park/migration/2026/08/08/pk00021_001.jpeg	2dc1cc65-2960-47dc-97a2-65f475e06a3f.jpeg
park/migration/2026/08/08/pk00021_002.jpeg	4c8de67c-3193-42e4-91f4-21734a43ddb9.jpeg
park/migration/2026/08/08/pk00021_003.png	4b23eeb1-1fdc-418f-994c-5630283acbf5.png
park/migration/2026/08/08/pk00021_004.jpeg	60b63f57-63a8-42e5-bb1f-2d151fd51de5.jpeg
park/migration/2026/08/08/pk00021_005.jpeg	77a7fadd-da76-490e-8707-7d654976c187.jpeg
park/migration/2026/08/08/pk00021_006.jpeg	c35f53ec-1f80-4b69-bad1-88e4885cb524.jpeg
park/migration/2026/08/08/pk00021_ent_000.jpeg	60b63f57-63a8-42e5-bb1f-2d151fd51de5.jpeg
park/migration/2026/08/08/pk00021_ent_001.jpeg	60b63f57-63a8-42e5-bb1f-2d151fd51de5.jpeg
park/migration/2026/08/08/pk00021_ent_002.jpeg	60b63f57-63a8-42e5-bb1f-2d151fd51de5.jpeg
park/migration/2026/08/08/pk00021_health_000.png	ba623a75-45b0-4f75-910b-8f68d36dedcf.png
park/migration/2026/08/08/pk00022_000.png	b46f07b0-b4a2-48a0-80f3-1af091202c61.png
park/migration/2026/08/08/pk00022_001.jpeg	1a7fdbe1-8ca2-446e-b218-de44b539fd68.jpeg
park/migration/2026/08/08/pk00022_002.png	b7549011-dcd0-4dd2-936a-06d8bea0b5e1.png
park/migration/2026/08/08/pk00022_003.png	9374c9a6-dbfa-4bd6-b8c8-1293725a745d.png
park/migration/2026/08/08/pk00022_004.png	34f513b4-d672-4222-a245-7dc216870720.png
park/migration/2026/08/08/pk00022_005.png	16082403-3d77-496e-8326-02d4106b65de.png
park/migration/2026/08/08/pk00022_006.png	45fc53b3-3fd8-4674-ac8d-c0e48647848f.png
park/migration/2026/08/08/pk00022_007.jpeg	a0dca6ef-b592-4a2a-8889-813de4aff4ca.jpeg
park/migration/2026/08/08/pk00022_008.jpeg	b728f843-9790-4c1e-a300-b57ed44a8c71.jpeg
park/migration/2026/08/08/pk00022_009.jpeg	122eaaf9-42b0-49c5-8426-86231668b615.jpeg
park/migration/2026/08/08/pk00022_010.jpeg	b8368618-44fe-4b29-8edd-626378474a6e.jpeg
park/migration/2026/08/08/pk00022_health_000.jpeg	473495ec-561f-4675-9faa-8d3759d0a9ab.jpeg
park/migration/2026/08/08/pk00022_health_001.jpeg	473495ec-561f-4675-9faa-8d3759d0a9ab.jpeg
