9526	PKe2e5457a-5346-4e8b-8759-197c316dc4f8	椿萱茂·和园长者社区	椿萱茂北京	NULL	北京	110000	北京市	110100	顺义区	110113	牛栏山镇昌金路与右堤路西南交叉口	116.674787	40.202639	1	4		NULL	6	6800	6800	12800		450	NULL	2	NULL	NULL	2021-07-20 00:00:00	970ae2a2-5c65-4d0e-b542-8f6fd6ff5ef8.png,8843cd03-84c9-40cf-a03c-7dd5cf232906.png,f03c1d56-45fb-47ab-9cc6-b416c0d11da0.png,557381a5-65a7-4bb6-ad22-e5d1ca8370fc.png,fc5db4b9-e38f-4ee8-87be-8f23ed9b5f4a.png,398c6086-253e-4787-b92d-86c9d9ce8c0e.png,56be18f6-8cf2-4d50-a3b5-20d434fb84f8.png,e86cf12f-62c2-4f3b-be7e-eaed390b5e6b.png	865e439f-1a9f-4811-9d18-621b48c354c0.png,3ae4287b-2b3e-411a-8ade-b70b7db85855.png,35c2fbe0-3cfb-463d-b271-0abb9da64b56.png,c1c191fb-1bfd-49f7-a38c-97a3c8eddc5c.png,a0247604-6d62-4c17-8565-e0be072bf9e9.png
9533	PKe48cb28e-70f7-4842-bf75-1efdc22b1a61	北京九华康养社区	九华山庄1	NULL	北京	110000	北京市	110100	昌平区	110114	小汤山九华山庄15号	116.423941	40.186127	1	4	星级住宿、全程医护、文化娱乐、生活托管	NULL	6	5400	5400	12000	NULL	2504	NULL	2	NULL	NULL	2013-12-31 00:00:00	bfa436f2-9fca-4674-b55e-89025b96ca34.png,e4723a3d-e496-4ea9-9a42-efd40d3404ab.png,2d3b8702-8300-4245-953a-539d7b50d5b3.png,523da542-24ab-463c-ba47-fbb0f8f6b0fe.png,f55f30bb-dd3a-4de4-9695-a1860aae90d9.png,9b490328-4228-4630-92e3-a22c2313fdf0.png,5859c363-e94a-4a4a-9bb5-54e2bfa86241.png	a6826435-1cb0-41e7-ae39-b448e69fad94.png,9109111a-c43d-41c3-a465-3c1623353958.png,7f960ff0-f890-4a13-a657-d9031edf5302.png,85fc9c13-0bcd-40de-a24b-7e7eb2b2907e.png,4b00c500-90ef-46bd-ae5a-052e5f9aeaf4.png,f436c282-560a-464d-a5ad-a5ec3d067fc1.png,0d380c25-eb83-4838-a09d-97279cea471b.png
9555	PK320dbd5b-d8f3-4a44-ac15-3caebfe67d7e	北京永春堂颐养中心	永春堂	NULL	北京	110000	北京市	110100	西城区	110102	木樨地北里6号楼	116.346549	39.910376	3	2	紧邻三级综合医院	NULL	4	5000	5000	8000	NULL	65	NULL	2	NULL	NULL	NULL	1dbb9dd3-9f2c-4497-850f-d8d95a2ab429.png,647c41cb-7ad6-45e1-8cbf-4a9370bb894d.png,999ffbf2-00c7-41ee-9aec-d211d36bd04a.png,4b5ef014-9c4d-4e32-971f-1af1f36bacae.png,5b829521-42fd-4069-b226-957aed8ede5a.png	7a126cd9-60fb-4251-95f3-e416f309a5c6.png,840e7afa-43c8-49bb-8b63-aee1cee883a0.png,ce0fbf68-7500-47ab-83dc-64a9686b256c.png
9560	PKb4521edb-bc1c-4ad3-9417-e833b71cc7e1	悦年华颐养中心（北京瀛海）	华润悦年华北京	NULL	北京	110000	北京市	110100	大兴区	110115	大兴瀛福路9号院	116.457435	39.756914	2	2	1、安心医疗：专业医疗团队 满足长者需求； 2、精心膳食：关注每位长者 定制合理膳食； 3、贴心起居：打造四维适老化细节； 4、全心监护：7/24小时关注长者健康和安全； 5、知心社交：丰富精神生活 书写精彩晚年。	NULL	6	6865	6865	25000	NULL	340	NULL	2	NULL	NULL	2021-01-01 00:00:00	5f762546-4838-4e84-81c0-20f15d58d370.png,94651f75-3b79-4105-9a07-65596c378d38.png,08a8e6e4-c44d-4b82-9c81-042d0bd40b60.png,ys-e3c31497-5a13-4e9c-8eb9-1d3f0d89bec5.png	ys-b5d8b170-19de-4f7a-be35-9bb9fcd77314.png,ys-fb2b8cf7-4fcf-42d7-900b-1a370fc17484.png
9578	PK8a5bd9a8-3203-40b0-9e91-faaa8ba21120	新华家园莲花池尊享公寓	新华家园	NULL	北京	110000	北京市	110100	丰台区	110106	莲花池西里8号院新华家园	116.315955	39.897129	3	3	在“医养合一”，充分发挥新华保险资源优势，培育“新华家园”高端养老服务品牌的思想原则指导下，充分考虑项目极佳的区位优势和所在城市功能拓展区内高端养老项目稀缺的现实，结合项目建筑现状，本项目定位为高端介护型养老公寓。	NULL	1	8000	8000	25000	NULL	360	NULL	2	NULL	NULL	NULL	d1f7f8ad-37ec-48a5-9bf0-36662ef3b3a2.png,cd07c1a2-3b7a-4bbb-83d3-323ed9281dd1.png,38fddff0-4db2-4540-a279-a59d78b4d302.png,17a1b402-b459-4ac1-a121-9757268b068e.png,aae87774-5fd5-43e4-9752-17f0b704c573.png	
9590	PKd47e21d6-2f42-43f7-93b2-8b139bbe5ca7	康宁津园	康宁津园1	NULL	天津	120000	天津市	120100	静海区	120118	团泊新城西区健康产业园内	117.064040	38.965484	1	6	为了更好的为园区内的老人服务，我们在社区内建立了天津市医保定点的静海泊泰医院，24小时为您提供医疗服务，急诊科全年365天开诊；并且与天津医科大学总医院签订了战略合作协议，由总医院专家坐诊、会诊，共享医疗资源。	NULL	6	6958	6958	NULL	NULL	4000	NULL	2	NULL	NULL	2015-08-12 00:00:00	ys-bc122820-0e05-47e8-952e-c638b5e82931.png,a64f49d9-55e8-4774-934b-ac4aaeca9571.jpg,ys-1cb23aff-0eda-4302-a282-5ac95c91f8cb.png,0ec1e1a1-d240-4b54-b1fa-6200ad7bace2.png,f12b75fe-7bb8-445f-bf69-bb04a7c9c48c.png	1ac00bb7-c054-4fee-90e4-478da95db618.jpg,a6923a06-7695-4368-8813-c3e1a909a4bb.jpg,1e2b568f-74c2-4939-bfa4-7a4dc407e8bf.jpg,a137e49a-6f21-4f0f-9feb-007dfce60ff4.jpg,a0bbf697-af28-4366-bb75-8b8097829b10.jpg,563a173a-5915-4d3b-9c74-16f6e73c2d79.jpg,781303d4-30b2-48af-b000-9a4264083815.jpg,21d16221-ec5b-45a2-8558-30b6da4b1029.jpg,861a39c1-7cdb-4e57-a1fe-bf6bc2e024d5.jpg
9602	PK90e94fc3-360d-4c7b-9716-9fcf5e1cc15f	首善人家·北京人寿康养中心	首善人家	NULL	北京	110000	北京市	110100	通州区	110112	宋庄中国艺术品交易中心对面汇禧润福			1	2	有别于其他养老社区（CCRC），汇禧润福艺术颐养社区作为国内首个艺术生活社区，在满足长者基本的养老需求的同时，满足长者创作需求，帮长者实现艺术人生梦想，最大限度激发长者活力，帮助长者启迪心灵、增长知识、陶冶情操、拓宽视野、自我实现，致力于成为延缓长者衰老、让长者永葆活力的精神家园。	NULL	1	8000	8000	20000	NULL	2500	NULL	2	NULL	NULL	NULL	ys-7930470e-21be-4d68-bcac-b69590e7a588.png,ys-361ae4f0-1747-4655-a464-f951c163c7f2.png,ys-5fd7dba2-d16a-4ad3-a285-1f876caae282.png,ys-0eb88ebf-a21c-42c2-aaaa-31eb0805d84b.png,ys-db354593-c41c-4b12-b178-fb0b225fda52.png	ys-2faa2df3-0201-4236-a291-69c11fb3bcec.png,ys-ca805d64-2686-4b0b-be8b-c64ba9d23a26.png,ys-9c23f99c-98f5-4095-965d-ea5bfa34aa77.png,ys-ac8dfa73-3b05-41f4-ae8a-786866672601.png
9720	PK049d1bfe-21f1-4342-b855-aca7e146f761	香河大爱书院养老中心	大爱城1 	NULL	河北省	130000	廊坊市	131000	香河县	131024	爱晚大道59号	117.012402	39.767939	3	2	1、境养—便捷交通出行 居享自然园境； 2、医养—四级医疗体系，多级保障长者健康； 3、农养&食养—约千亩农场，田园生活&营养膳食两相宜； 4、乐养&学养—约13000㎡专属会所，超约50类公共活动空间，多彩生活； 5、居养—适老化设计，每一细节皆用心； 6、护养—6重专属服务，乐享品质生活。	NULL	6	3800	3800	20000	NULL	621	NULL	2	NULL	NULL	2999-01-01 00:00:00	ys-e076dfd7-8e6b-41c9-8ea2-1b53879899af.png,ys-3ed76c30-7582-4610-9c94-1aa7919ed492.png,ys-a3ed4ae0-88aa-43b0-b6b0-42cb71806e2a.png,ys-bf9b3d7a-cff2-46ad-9207-e5d3597ba3a3.png,ys-6576a02d-b1ba-4bc3-a0f6-df09b67dffe5.png	ys-5181c09d-5e5d-4003-b5ad-34ae48813a70.png,ys-d89c0173-7168-4a62-b802-35a860f1d617.png,ys-d4d7e9d7-c283-4a13-9c3f-a8d903be5539.png,ys-08d243cc-ea69-498d-951f-3a42302ba2bf.png,ys-f777de27-ecd9-4523-95b5-21667dd1e8fc.png,ys-090eaa02-192e-457e-a90d-9b1f0cebe805.png,ys-e6fd2efb-9deb-4ef9-a67b-7174b5d82049.png,ys-e5c23513-18ef-4093-907e-bae6ccf6c93e.png,ys-c9812db1-caa8-4ce8-9b1e-285e8248f08e.png,ys-4c35ac41-638c-452b-85a1-7fc597d494f4.png,ys-a620b090-e8f2-4c15-9e83-9a1cc0eaec8d.png
9741	PK611efa4d-9f3f-4117-a966-33b70cbae25d	仁帝山康养基地	仁帝山1	NULL	海南省	460000	省直辖县级行政区划	469000	五指山市	469001	通什镇澜湖路仁帝山养生养老基地	109.535431	18.764697	1	2		NULL	6	9600	9600	12000	NULL	1000	NULL	2	NULL	NULL	2018-01-01 00:00:00	ys-d05d97f4-18db-4582-8a8d-d37e43548c7b.png,ys-51f4a879-02f5-495b-8338-bc962cf0df9a.png,ys-97fe5932-4ae5-4ec3-9177-32fbc56f901c.png,ys-93ca7200-b89a-48a2-8488-f144a13444b7.png,ys-f160cf50-3192-45de-94cb-1a70840af7cd.png,ys-d30a3a09-5885-4943-aab5-4b4b92a5d0c4.png,ys-bb246347-2708-4f31-9bc1-1249a9366507.png	ys-2e3edd28-7d7f-4525-ae0c-0cfc34a0d049.png,ys-ab413eee-be77-4639-a14e-70f19d499137.png,ys-37c9f0c0-4975-4b36-ba68-280047f5a443.png,ys-599f38af-c45d-4c8e-83bb-ea01ad614fae.png,ys-980cf6fe-c18d-4f87-ae04-4ea8887290da.png,ys-119b1f58-65b0-4ebe-8312-87bfa4fce495.png,ys-4ddc8960-9042-430e-b5fd-b348dd68aa06.png
9770	PKce56aeb5-bd6a-4db7-a8b6-f3641cd4cdd7	悦年华·长沙天心颐养中心（天心区社会福利中心）	悦年华长沙	NULL	湖南省	430000	长沙市	430100	天心区	430103	大托中心幼儿园东北侧约555米	112.948925	28.059852	2	1	1、医养康护娱多元生活配套，打造健康养老新模式； 2、高品质住养体系，生活便捷自在无忧； 3、科学配比营养膳食，予以生活贴心照料； 4、康复理疗中心——给健康最好守护； 5、智慧化照护系统——提供安全快捷养老服务。	NULL	1	3000	3000	8300	NULL	329	NULL	2	NULL	NULL	2021-01-01 00:00:00	6c8c18f8-c3bc-44e8-8a8f-025aa2d69e48.jpg,ys-c90f972d-2eaa-4f26-8f9a-bcd908a5084d.png,febe4a1f-a5f0-4ed7-9f8e-18fc2fc610d3.jpg,ys-8df25577-b852-4b29-92f4-8afbc3dde356.png	ys-4b02b6c3-bcb1-42fb-bdcb-0ee63af03fce.png,e332ec0e-f0cf-4da4-8a30-e1ed6f55feb8.jpg,10b9a1fa-9824-41d1-ac30-d70feeb42ab2.jpg
9947	PKb7c08a77-6ab8-484a-868c-b5ea03be5dbf	鑫颐·太湖椿	含山老年公寓	NULL	浙江省	330000	湖州市	330500	吴兴区	330502	康乐路655号	120.126511	30.939632	1	6		NULL	6	4250	4250	NULL	NULL	1500	NULL	2	NULL	NULL	2022-06-25 00:00:00	0659e2c5-29ee-475e-9801-038e3937f3bd.jpg,74a46e1f-133d-4223-919c-c4f253137e11.jpg,4e173053-8bf3-4088-9b91-ce9a057e51d2.jpg,f23dbc85-2946-41c5-940b-fa75f0381870.jpg,5e3604c4-5d44-4e8a-b108-eadb0d7ac97e.jpg,af0b5aab-c3ed-4c6b-8dd2-c1cca76445aa.jpg	983894c7-9c9c-49d3-b0cc-c91098767140.jpg,e3ef601a-6b53-4efa-9f21-80983bb29f6f.jpg,187734d8-7a7e-43e0-be01-e09aa03e0cb4.jpg,c77c0286-c605-45ca-b1e4-b1bcaf3a5a81.jpg,0676b7dc-e98c-4d44-b961-cd1bfea36ced.jpg,39c4d53b-b109-47f4-9348-a3add9d72962.jpg,6781df9a-65f4-4750-9095-84b902e72de1.jpg,23502285-86b5-4de8-8842-55dc585d8e4c.jpg,272d038f-ad39-4d76-bbbe-7660efb4e1d3.jpg,4c66c9bc-ec1b-468c-a86a-841012c2b238.jpg
10457	PK794ce3e6-48a7-461e-92b7-d1a05640d011	柳州东城海阳颐养中心	柳州东城海阳颐养中心	NULL	广西壮族自治区	450000	柳州市	450200	鱼峰区	450203	花岭路31号	109.449416	24.318522	2	2		NULL	5	5000	5000	NULL	NULL	372	NULL	2	NULL	NULL	2023-04-18 00:00:00	d167137d-bcbd-4c70-b067-e64e368cd878.jpg,e97527d0-9161-4fd6-94e3-c1d61a010fe9.jpg,62503988-a88e-4d6a-af81-9d685505b510.jpg,40637224-b3e2-4101-b05b-2d670cf5dee4.jpg,0f25c480-e0af-4e17-be5d-49d915c73541.jpg	f3d3048f-d208-43f2-aa87-93a94293ea71.jpg,1cc5d8cb-379d-4f87-b5dc-6e49c85bde84.jpg,440abcb5-48e6-4cd9-8bfa-47d46d6065d4.jpg
10487	PKd564ae95-ab88-46ca-b81a-b949af0f9815	银城康养象山颐养中心	银城象山	NULL	江苏省	320000	南京市	320100	鼓楼区	320106	宝塔桥街道幕府西路126号	118.772100	32.106757	7	2		NULL	5	6000	6000	NULL	NULL	160	NULL	2	NULL	NULL	2017-12-01 00:00:00	51b5ebe6-70f5-49fb-b43a-d9832e716b14.jpg,44b4fcbc-e9f8-4ac3-88d0-eec604572ac1.jpg,ae0c97fe-26e6-4a9d-abd7-987ab168342d.jpg,27038913-4152-4816-b657-6525b4830afc.jpg,1a831d8a-a829-41c8-8b95-135ef78a213c.jpg	28805d8f-1dbf-41c9-8485-12b5c43ff4e3.jpg,fc0acb84-ad18-4d1d-bb1c-f295041a480a.jpg,2c6b2206-ff08-4b86-9f8c-1b732332b8a7.jpg
10593	PKdf662d45-0ab9-4136-91ca-18bd95f419cc	上海香树湾国际养老社区	香树湾社区1	NULL	上海	310000	上海市	310100	浦东新区	310115	六奉公路5033弄	121.701429	31.045599	1	2		NULL	6	12000	12000	NULL	NULL	600	NULL	2	NULL	NULL	2999-01-01 00:00:00	21b81a9d-7ab2-40fc-aed9-928d3890a62f.jpg,57551006-aa6e-4f16-9fbb-012dd16714e5.jpg,c3f20057-4c16-4059-b658-2d8d2995c5dd.jpg,ad3f7362-0b25-4f5c-a6e7-68e77502bf21.jpg,6b6bfafa-d19a-49df-8237-487282413f02.jpg	66f81866-8e8d-4180-8e0d-1e30e754e598.jpg,ea25bffa-2cf4-4ede-8680-8c4250b4a619.jpg,3f1f2195-55b6-41de-bf79-5e17818e53bf.jpg,c83e3518-b0d4-4054-b749-70be553b8819.jpg,f2cac297-e3b6-4a15-aa61-1650196e52d3.png,025e3233-9cfe-4aa7-a405-6fd146eacd51.png,186afb19-d8a8-4641-8920-311e9a283deb.png
10599	PK824fe82f-51e1-4b40-85b5-7fffcc7a85b6	侨辉·天颐康养城	侨辉天颐养老1	NULL	上海	310000	上海市	310100	嘉定区	310114	南翔镇蕰北路1798号	121.336889	31.332811	3	2		NULL	5	7100	7100	9100	NULL	108	NULL	2	NULL	NULL	2021-03-01 00:00:00	fb63b079-7ef9-497f-bbab-8b00642ac723.jpg,0c74d766-7ac4-4c3d-9952-f21e568f08c6.jpg,cd3d26ac-b7e2-4e84-ad06-c7df664de4f3.jpg,9d1a8907-4f94-4704-8539-9db721f873d8.jpg,28410940-0a5f-4867-abd0-35884aca1b9b.jpg,9b287e43-a0bc-4c17-a41d-fa08825c01a1.jpg	5185a12d-6120-4e8f-95bf-2b17b53e58e4.jpg,0a482c8e-fbb8-441d-88c9-7a0a41b2ac17.jpg,ec134121-9a5d-4963-96ca-650faee6eff3.jpg,19191e08-e216-4284-ae34-fbc5310827bf.jpg,99a5e52a-220b-4c99-baa5-3e3d01e366f8.jpg,435b210d-5a2c-4722-829f-e3b9fbc7f0d4.jpg,35af377b-24e6-4822-a368-d592d0fcc47b.jpg,e055c4f8-019f-450d-adbe-39e9251b7a6c.jpg,bda5c7ac-9346-4a31-8d60-b55e69e5a8ea.jpg,128ebe67-2f10-4391-8843-fb2a1374b3c8.jpg,dbff1923-7d88-4a56-8102-a5d1f87e8eca.jpg,5240f246-b01c-4a5a-9a55-8b4bbf52aba5.jpg,5d565774-2111-4094-a94a-e0d13fca94ce.jpg,86ca93b0-0f13-4949-8bdd-28d6dff62bc8.jpg,965f0eee-9ca7-4b0b-929e-8c7b185ba20b.jpg,54c4b790-9fa9-42a2-83d5-1dc028c65b3c.jpg,cb29db0c-4f0d-4a29-baa7-4f35f8051864.jpg,59969d8b-d780-4f5c-a4e3-1071fa25eb14.jpg,309322cb-ffd2-4972-90f9-3eb6e78aaa00.jpg
10662	OZ31307499	上海星辰家养老院	上海星辰家1	NULL	上海	310000	上海市	310100	宝山区	310113	大场镇祁康路516号	121.380067	31.310932	1	6	NULL	NULL	5	4468	4468	10000	NULL	330	NULL	2	NULL	NULL	2023-08-01 00:00:00	caa85326-4135-4027-91e8-f243c5b0410a.png,cdbddc41-5431-47f0-881e-bd179f07878f.jpg,10669d1d-f8f9-4dfb-84fb-8ca39bceb9bf.jpg,2402271f-f000-4e1f-b15a-b955a2a1affd.jpg,19852bbd-f0d6-49a0-9e59-1e8c701c47c0.jpg	883223d5-2dc3-4e9e-9ca3-f730150aa6de.jpg,65060ed0-b05e-4e3a-b496-7a24a9e1c659.jpg,7958d4ca-d893-4d11-91d5-e51f4dab051a.jpg,2cf36c16-afd7-4fca-937e-4d6110bd8d06.jpg,a217ff83-9365-40b7-8a1d-fc31f7cc534f.jpg,66a2f335-71aa-42ba-8e61-bcef9a357374.jpg,f2cb5aae-30a7-403d-891f-d55a571042f3.jpg,f710b0d0-ffe1-43d8-be38-123e0883f531.jpg
10728	OZ31164689	上海宝山区逸仙养老院	上海人寿堂1	NULL	上海	310000	上海市	310100	宝山区	310113	吴淞街道塘后支路19-21号	121.517064	31.396633	1	2	医保定点，A级医疗机构	NULL	5	3990	3990	NULL	NULL	421	NULL	2	NULL	NULL	2999-01-01 00:00:00	92248d48-84b2-4be9-8683-f8f57f4ea040.jpg,260c1ee2-2070-40ca-91e0-8717df0a5f66.jpg,b7a38630-c99a-4750-81da-0cb22772f7f9.jpg,d25a63dd-b128-4374-89c3-2006db046d17.jpg,0e815174-bd14-418e-96b8-4919945095ea.jpg	fdcfb352-522b-4a90-98d4-ba865c493c86.jpg,3901a9fb-df80-461a-9409-859d0afbbbe1.jpg,f9125ad5-35c3-4624-907c-37583aa175cb.jpg,06339a2b-c164-457c-bbf2-3c3eab313ff1.jpg,15a7e08e-4afd-4820-ba38-0e8af6881a1b.jpg
10808	OZ12968100	天津市鸿泰乐尔之家八纬路店	鸿泰八纬路店	NULL	天津	120000	天津市	120100	河东区	120102	八纬路98号			2	2	NULL	NULL	5	3800	3800	NULL	NULL	211	NULL	2	NULL	NULL	2017-10-01 00:00:00	237de0af-9b02-4593-b4be-cc166bcceb1f.JPG,a3b8381f-22ab-479c-aa8d-2ff08aa875ec.JPG,9fe7941d-cfde-4586-a8b5-dd8db3d24094.JPG,c756c94a-d7a4-473e-93b1-1767c5658fd3.JPG,d9877c2a-81e3-45a1-88e4-31c66a08ec8a.JPG	e2fcfcc1-f94a-48c6-8b3a-fcd341e225a1.JPG,5a6b8b06-339c-4b74-bbd0-163024deed68.JPG,36a0d5a1-c928-455b-b013-61325975ed88.JPG,7f2cfa72-75b9-4f0a-8d77-3267381d2839.JPG,4ee420aa-bb26-4fe2-8854-76a3cc7bf140.JPG,6f6a450d-d768-4fb6-980a-f4360d75d77d.JPG,b5b827a6-5bfe-4be2-8d2c-d13f0d3f9cca.JPG,c32db2cd-9fde-4c16-8d01-c275f99b19b5.JPG
10835	OZ31137757	宝山荣上记忆家园（耆乐园失智专区）	NULL	NULL	上海	310000	上海市	310100	宝山区	310113	上海市宝山区城银路505号（耆乐园失智专区）			4	2	NULL	NULL	1	7000	7000	NULL	NULL	50	NULL	NULL	NULL	NULL	2999-01-01 00:00:00	59a28197-8ad8-4a49-9cb2-76d68ef66740.jpeg,2dc1cc65-2960-47dc-97a2-65f475e06a3f.jpeg,4c8de67c-3193-42e4-91f4-21734a43ddb9.jpeg,4b23eeb1-1fdc-418f-994c-5630283acbf5.png	60b63f57-63a8-42e5-bb1f-2d151fd51de5.jpeg,77a7fadd-da76-490e-8707-7d654976c187.jpeg,c35f53ec-1f80-4b69-bad1-88e4885cb524.jpeg
10838	OZ31542804	太保家园普陀社区	NULL	NULL	上海	310000	上海市	310100	普陀区	310107	上海市普陀区泾阳路459号			1	3	NULL	NULL	1	11075	11075	NULL	NULL	288	NULL	NULL	NULL	NULL	2999-01-01 00:00:00	b46f07b0-b4a2-48a0-80f3-1af091202c61.png,1a7fdbe1-8ca2-446e-b218-de44b539fd68.jpeg,b7549011-dcd0-4dd2-936a-06d8bea0b5e1.png,9374c9a6-dbfa-4bd6-b8c8-1293725a745d.png,34f513b4-d672-4222-a245-7dc216870720.png,16082403-3d77-496e-8326-02d4106b65de.png,45fc53b3-3fd8-4674-ac8d-c0e48647848f.png	a0dca6ef-b592-4a2a-8889-813de4aff4ca.jpeg,b728f843-9790-4c1e-a300-b57ed44a8c71.jpeg,122eaaf9-42b0-49c5-8426-86231668b615.jpeg,b8368618-44fe-4b29-8edd-626378474a6e.jpeg
