9526	社区中心有各类活动设施，在琴棋书画中陶冶情操，在瑜伽室台球室里锻炼身体，在精美手工活动中锻炼手脑，在椿萱学堂中继续提升自己，在功能厅里一起做操参加晚会。好多想做的事都有了条件	865e439f-1a9f-4811-9d18-621b48c354c0.png,3ae4287b-2b3e-411a-8ade-b70b7db85855.png,35c2fbe0-3cfb-463d-b271-0abb9da64b56.png,c1c191fb-1bfd-49f7-a38c-97a3c8eddc5c.png,a0247604-6d62-4c17-8565-e0be072bf9e9.png	<p>◆ 内设医务室，有24小时医护服务，未来可对接社保，满足长辈日常取药、打针、输液需求；</p><p>◆ 定期中医院专家坐诊（北京中医医院顺义分院）；</p><p>◆ 999急救站进驻；</p><p>◆ 由专业医护团队通过周期性定制化服务，从“保持健康、管理慢病、防控风险”，三大层面，全维度守护长者身心。</p>	c5b8222b-f782-43c9-acd8-f81138345891.png,f7153ea8-4d75-4e6d-b57b-142b96a89bba.png,a1605f53-49ad-4517-bf86-c8d4ed1f30bf.png,	NULL	西丰乐,牛栏山站,中国共产党北京市顺义区党校-地下停车场,恒华街,永业大街路口,国家电网充电站(乔波国际会议中心),牛栏山东口,花溪渡小区,顺丰大街,龙湖香醍漫步1区-地上停车场	856路;空港5路;顺14A路;顺14路;顺21路;顺27路;顺32路;顺34路;顺59路,北京市顺义区牛栏山地区,北京市顺义区牛山镇乔波滑雪场西侧对面,856路;861路;S013路;空港5路;快速直达专线41路;顺14A路;顺14路;顺21路;顺27路;顺32路;顺34路;顺59路;顺67路,856路;空港5路;顺14A路;顺14路;顺21路;顺27路;顺32路;顺34路;顺59路;顺67路,北京市顺义区顺安路6号,856路;861路;空港5路;顺14A路;顺14路;顺34路,855路;856路;S102路内环;空港5路;顺14A路;顺14路;顺21路;顺27路;顺32路;顺34路;顺67路,855路;856路;空港5路;顺14A路;顺14路;顺21路;顺27路;顺32路;顺34路;顺67路;顺73路,北京市顺义区右堤路龙湖香醍漫步一区香醍漫步北门	北京市顺义区第三医院-发热门诊,泽恩医美,悠恩齿科,乐雅口腔,姚各庄社区卫生服务站,健康云药房(牛栏山店),百康药房(顺丰大街店),益生民康平价大药房,预防保健科,益铭程健康管理	北京市顺义区牛栏山镇政府南侧,北京市顺义区顺恒大街金宝城-北区,北京市顺义区顺恒大街金宝城-北区,北京市顺义区恒华西街一号院18号楼107室,北京市顺义区牛栏山镇清华阁东侧约60米,北京市顺义区昌金路张庄家园东侧,北京市顺义区顺丰大街16号院1号楼1层101,北京市顺义区半壁店昌金路牛栏山市场南一门,北京市顺义区顺富路北京市顺义区第三医院,北京市顺义区顺富路北京维呢纶厂住宅区西南侧	马坡新城城市森林公园	北京市顺义区双丰街道坤安路与顺恒大街交叉路口往东北约50米	鑫绿都生活超市(安纳湖店),顺家生活超市(4号店),溪缘超市(顺义店),鑫绿都生活超市(鲁能溪园店),鑫绿都生活超市(牛栏山市场店),合景悠方购物中心,牛栏山市场,社区生活超市(新马家园店),牛栏山酒厂产品展销厅,牛栏山酒城(酒厂直营店)	牛栏山恒华西街1号院,北京市顺义区香堤中路5号院14号楼,顺兴街花溪渡小区24-106号,北京市顺义区双丰街道顺兴街坤安路马坡鲁能7号院38号楼1层105室,北京市顺义区茶味研习所,北京市顺义区通顺路北京维呢纶厂住宅区东侧约100米,顺富路与牛小路交叉口西北约240米,北京市顺义区顺丰大街16号院,牛板路1号（牛栏山酒厂内）,牛栏山镇老街60号	张磊,	和园顾问,	f819c51a-9b39-4184-bd8c-624577c282fc.png,	和园现在人少但环境打造基本齐备，早入住的用户可以抢先获得入住的清幽福利，公共资源享受更全面。欢迎下方预约参观！,
9533	九华山庄贵宾楼酒店是中国养生和休闲文化的集大成者。温榆会馆内拥有40余间豪华VIP包间、泰式按摩房、美容美体房，以及多个独立户外温泉泡池、电动按摩浴缸等设施，可为宾客提供温泉SPA、各式按摩、康复理疗等多种专业保健养生服务。会馆中还配备有豪华健身房、游泳池、以及霓裳歌舞总会等时尚运动娱乐设施，尽享高品质休闲生活的尊贵与乐趣。	a6826435-1cb0-41e7-ae39-b448e69fad94.png,9109111a-c43d-41c3-a465-3c1623353958.png,7f960ff0-f890-4a13-a657-d9031edf5302.png,85fc9c13-0bcd-40de-a24b-7e7eb2b2907e.png,4b00c500-90ef-46bd-ae5a-052e5f9aeaf4.png,f436c282-560a-464d-a5ad-a5ec3d067fc1.png,0d380c25-eb83-4838-a09d-97279cea471b.png	配有一级综合医院（北京市医保定点医院），下设：内科、外科、口腔、中医理疗等科室，有完善的体检体系，CT，核磁等。专业护理配套占总床位20%左右，全程为老人的健康保驾护航	838f6442-8988-4d0f-8bc8-68f441f6c586.png,c5060a7b-f5d0-4c0c-a09a-5d58c12aa97d.png,6a4551d6-59ab-4784-ac9c-1a945d661170.png,1741c039-2f02-4f58-bb47-23a8ed947d03.png,13b6cb0e-f0dc-4873-9758-db778e61cbe8.png,	NULL	九华山庄-地上停车场,九华山庄,中国石化(京航加油站),大柳树环岛,九华山庄-16区-接送点,葫芦河,常兴庄,北京九华山庄会展酒店-地上停车场,大柳树路口西,九华山庄-地下停车场	北京市昌平区小汤山沙顺路75号,984路,北京市昌平区顺沙路与安四路交叉口东北150米,安四路立汤路交叉口,北京市昌平区九华山庄-16区附近,945路;昌51路;郊100路,945路;昌51路,顺沙路75号小汤山镇九华山庄院内16区,643路;905路;945路;昌15路;昌51路;昌51路支线;昌52路;昌59路;昌59路象房专线;郊100路,北京市昌平区沙顺路75号九华山庄	北京九华医院,九华山庄-体检大楼,北京市昌平区小汤山社区卫生服务中心葫芦河社区卫生服务站,九华山庄急救站,北京蒙医康复医院,昌平区小汤山镇葫芦河村卫生室,北京市昌平区小汤山社区卫生服务中心龙脉温泉花园小区社区卫生服务站,北京达雅鼎医疗器械有限公司,北京市昌平区小汤山镇常兴庄村卫生室,安无忧平价大药房(小汤山分店)	北京市昌平区小汤山镇顺沙路九华山庄院内,北京市昌平区小汤山镇九华山庄北京九华医院,北京市昌平区小汤山镇葫芦河村北,北京市昌平区小汤山九华山庄,北京市昌平区顺沙路与秦上路交叉口东320米,北京市昌平区顺沙路北京市九华旅游职业学校西侧约230米,北京市昌平区顺沙路小汤山龙脉花园21号楼6门底商,北京市昌平区小汤山八号路广成大厦东南侧约120米,北京市昌平区小汤山镇常后路常兴庄村委会一层,常兴庄村常后路底商11-13号	九华乡村游乐园,淑春行宫,人口文化园,恒冬行宫,三石营地,母爱似海雕塑,唐嘎艺术博物院,龙脉温泉亲子乐园	北京市昌平区九华山庄17区2层,北京市昌平区龙脉温泉花园三区4号,北京市昌平区小汤山镇文化广场内(近龙脉温泉),北京市昌平区龙脉温泉花园三区1号,北京市昌平区雪雅小庄,北京市昌平区顺沙路人口文化园,北京市昌平区常后路中国移动学院北门北200米,北京市昌平区行宫路龙脉温泉花园(小汤山镇政府)	君军乐超市,九华山庄十六区-超市,北京九华山庄国际会展中心大酒店-超市,华宇超市,家家福生活超市(葫芦河村店),永京川发超市,大柳树村物美超市,乐惠购超市,北京御笔坊,兴旺达超市	北京市昌平区小汤山镇葫芦河九华学校门口,北京市昌平区小汤山九华山庄16区1楼,北京市昌平区小汤山九华山庄16区4楼,北京市昌平区九华旅游职业学校(九华山庄南),北京市昌平区九华旅游职业学校西南侧约110米,北京市昌平区九华旅游职业学校西南侧约80米,顺沙路与安四路交叉口西210米路北,北京市昌平区沙顺路79号,八号路2号院1单元,北京市昌平区小汤山大柳树顺沙路龙脉花园北				
9555	专职护工亲情陪伴，设有书画、手工、阅读、棋牌等多功能厅，享受丰盛人生	7a126cd9-60fb-4251-95f3-e416f309a5c6.png,840e7afa-43c8-49bb-8b63-aee1cee883a0.png,ce0fbf68-7500-47ab-83dc-64a9686b256c.png	主要为失能/半失能、长期卧床、术后康复、高龄颐养、慢病调理等长者提供标准化、精细化、智慧化的康养与照护服务。\n严格按照国家标准，提供适老精细化服务，为长者提供无微不至的全天候照护\n与首都医科大学复兴医院一墙之隔，方便长者就医取药，守护长者健康无忧	2205b503-3f3a-41ae-8865-5fbe76ed1b2e.png,4b743d27-3822-4983-aca0-23593d2be9af.png,a4c54ea0-5acb-4d97-bcf3-1775d345bfc5.png,3f560194-db09-4b6c-b1a7-5b0b500d9ad5.png,21d76323-34fd-47d1-a992-44df9f5100cb.png,d4f45bdc-560d-4811-aa47-106e20048767.png,	NULL	木樨地,首都博物馆-停车场,北京长安商场(复兴门店)-停车场,木樨地北里滨河路-路侧停车位,白云观-停车场,白云路,公安大学,工会大楼,小马厂,木樨地东	地铁1号线八通线,北京市西城区复兴门外大街16号首都博物馆内,北京市西城区复兴门外大街15号,北京市西城区木樨地北里滨河路,白云观街7号白云观,26路;45路;80路;114路;129路;308路;夜14路;专138路,78路;114路;308路;320路,1路;52路;夜1路;夜8路,3路;40路;45路;47路;50路;62路;320路;663路;夜14路;夜23路;夜36路;夜5路;夜8路,52路;114路;308路;夜1路;夜8路	首都医科大学附属复兴医院-南病房楼,首都医科大学附属复兴医院,复兴医院-体检中心,复兴医院-急诊,月坛社区卫生服务中心所属月坛街道木樨地社区卫生服务站,首都医科大学附属复兴医院-南配楼,西配楼,月坛社区卫生服务中心木樨地预防保健中心,复兴医院-感染性疾病科,复兴医院-北病房楼	北京市西城区复兴门外大街20号,北京市西城区复兴门外大街甲20号,北京市西城区复兴门外大街甲-20号,北京市西城区复兴门外大街20号,北京市西城区复兴门外大街木樨地北里甲3号院3号,北京市西城区复兴门外大街甲20号南配楼,北京市西城区木樨地北街首都医科大学附属复兴医院,北京市西城区木樨地北街木樨地北里甲3号院3号楼,北京市西城区复兴门外大街20号,北京市西城区复兴门外大街甲20号	古代佛像艺术精品展厅,首都博物馆,白云观,七彩坊,古代玉器艺术精品展厅,财神殿,文昌殿,馆名台,竹院,老律堂	北京西城区复兴门外大街16号首都博物馆F4,北京市西城区复兴门外大街16号(近白云路),北京市西城区白云观街9号,北京市西城区复兴门外大街16号首都博物馆B1楼,北京西城区复兴门外大街16号首都博物馆F5,白云观,白云路白云观内,复兴门外大街16号,复兴门外大街16号,白云观街9号	天客隆(复兴店),北京长安商场(复兴门店),北京市复兴商业城,物美超市(华天店),百盛购物中心(复兴门店)-南楼,首航超市(西便门店),顺天府超市(西便门店),百盛购物中心(复兴门店),物美集团(三里河店),天云五金大楼	北京市西城区真武庙二条真武家园1号楼地下一层,北京市西城区复兴门外大街15号,北京市西城区复兴门外大街4号,北京市海淀区莲花池东路北小马厂6号华天大厦1层,北京市西城区复兴门内大街101号,北京市西城区西便门外大街4~5号6楼d-01号,北京市西城区西便门内大街甲2-1号(近顺天府超市),北京市西城区复兴门内大街101号,北京市西城区月坛南街三里河d区789号楼2层,北京市西城区莲花池东路3号(天宁寺桥西北)				
9560	<p>（1）洞察长者心理需求，丰富精神生活，书写精彩晚年</p><p>关注长者心理需求，开展丰富的日常活动。中心配置6大主题互动空间供长者娱乐休闲，同时在节日、假日不定期开展大型活动，鼓励长者社交与学习，激发长者正向情绪，切实提高长者精神生活质量，让长者在保留社会性的同时，做到老有所学、老有所乐、老有所为。</p><p>（2）6大主题互动空间，安享闲适时光</p><p>①多媒体室</p><p>多媒体室会根据不同的时间，安排音乐会和经典电影鉴赏，也会作为悦年华老年大学的多功能教室，在节日或开放日还会举办丰富多彩的乐龄文化活动。</p><p>②多功能室</p><p>多功能室是为长者提供的独立活动空间，同时还可以满足家庭独立团聚需求，并可以提供独立家庭及生日聚餐使用。</p><p>③棋牌室</p><p>棋牌室配备象棋、军旗、扑克、麻将等娱乐设施，每月举办不同的休闲比赛，乐趣横生，益智休闲。</p><p>④舞蹈室</p><p>舞蹈室聘请老年舞蹈教师定期开课，培养长者兴趣，提高长者的运动机能，让长者通过兴趣运动，获得身心平衡。</p><p>⑤书画室</p><p>定期举办书画活动，为长者提供绘画书法的教学和交流活动场地，修身养性乐在其中。</p><p>⑥时光景观花园</p><p>独立园林景观花园，为长者提供多种户外休闲设施，满足长者户外活动需求，提供更好的颐养氛围。</p>	ys-b5d8b170-19de-4f7a-be35-9bb9fcd77314.png,ys-fb2b8cf7-4fcf-42d7-900b-1a370fc17484.png	<p>（1）医养+康养健康生态，整合全球医疗资源</p><p>华润置地整合集团专业健康三大板块华润健康、华润医疗与华润医药，共享旗下拥有的118家医疗机构，涵盖6家三级医院、14家二级医院、28家一级医院和华润医药的研产销产业链综合业务能力以及丰富医药相关资源。</p><p>（2）专业医疗团队，满足长者康复需求</p><p>悦年华·颐养中心（北京瀛海）拥有医务室、康复室、感统治疗室三大医疗设施，并配备医生、护士、康复师专业医疗团队，时刻关注长者健康。</p><p>（3）权威机构合作，共享长者健康管理</p><p>华润置地整合集团专业健康三大板块华润健康、华润医疗与华润医药，共享旗下拥有的118家医疗机构，涵盖6家三级医院、14家二级医院、28家一级医院和华润医药的研产销产业链综合业务能力以及丰富医药相关资源。</p><p>（4）周边医疗支持，长者健康一步到位</p><p>悦年华·颐养中心（北京瀛海）与周边所有二级以上医院、社区医院建立密切合作，随时就医、取药快速便捷。项目距大兴中西医结合医院（三级）3公里，距同仁医院南院区（ 三甲）7公里，10公里范围内分布有5家医疗机构。</p><p>（5）核心医疗资源，保证专业康养服务</p><p>悦年华·颐养中心（北京瀛海）联合华润健康体系、北京301医院、北京协和医院等多家权威医疗机构，并与专业研究机构、神经内科科室和认知障碍领域的专家建立密切合作。以医疗顾问形式完善院内医疗、医养需求。同时建立远程问诊机制，让长者的健康得到高专业度、高品质的医疗保障。</p><p>（6）按照标准康复医院功能进行规划建设的康复医疗中心，配备专业康复师坐诊，为长者进行专业康复指导，致力于为长者提供更加完善的健康解决方案，用合理的康复训练及运动帮助长者保持健康。</p>	ys-a2009e5c-a3ba-4fe0-8819-6732389b4aeb.png,	NULL	同心庄公交场站,亦企服务港瀛海港,三槐堂,同心庄,地铁瀛海站,笃庆堂,京福路口,同心庄,永旭嘉园,兴海大厦-停车场	526路;555路;兴31路[大张本村区间],北京市大兴区瀛海镇南二路2号院3号楼311室,555路;926路;兴31路;兴31路[大张本村区间];兴63路;兴74路内环;兴74路外环;兴80路,926路;兴31路;兴31路[大张本村区间];兴63路,555路;573路;926路;大兴机场大巴亦庄线;兴31路;兴31路[大张本村区间];兴38路;兴49路大站快车;兴63路;兴72路内环;兴72路外环;兴74路内环;兴74路外环;兴75路;兴80路,926路;兴31路;兴31路[大张本村区间];兴49路;兴49路大站快车,兴47路;兴48路;兴63路,926路;兴31路;兴31路[大张本村区间];兴63路,526路;573路;兴31路;兴31路[大张本村区间];兴38路;兴75路,北京市大兴区瀛顺路兴海大厦	北京广源惠民诊所,北京益草众康中医诊所,施罗斯嵴柱矫形(北京服务中心),北京永健众康口腔,北京瑞雅口腔门诊,优贝舒雅口腔,北京孙氏口腔,北京兴华康诊所,金立兴康诊所,北京敬仁堂医药连锁有限公司第十二分店(瀛坤路店)	北京市大兴区瀛海镇三槐堂村三槐南路瀛城家园底商12号,北京市大兴区瀛泰路6号院1号楼底商,北京市大兴区瀛安街锦城商业中心4号楼1208室,北京市大兴区瀛安街瀛城嘉园东区10号楼1层,北京市大兴区黄亦路龙湖天琅,北京市大兴区瀛裕街6号院1号楼1层一单元102室,北京市大兴区瀛海镇黄亦路玉璟园1号楼1层7号,北京市大兴区瀛海镇玉璟园小区2号楼1号,北京市大兴区瀛裕街6号院7号楼1层二单元104室,北京市大兴区瀛坤路4号院1号楼	兴海公园,兴海园,北普陀,大兴瀛海油菜花景区,罗汉山,明清古镇,红星集体农庄纪念公园,松园,养心殿,北普陀影视城基地	北京市大兴区京岚线瀛福路9号院北侧约130米,北京市大兴区黄亦路和京福路交叉口,京岚线北京盛世南宫影视文化城,北京市大兴区三槐南路紫宸苑东侧约130米,104国道北京盛世南宫影视文化城,104国道北京盛世南宫影视文化城,北京市大兴区黄亦路旭辉一合相东北侧约120米,104国道北京盛世南宫影视文化城,104国道北京盛世南宫影视文化城,京福路南宫村	小方瓶酒业有限公司,非凡创想超市,首航超市(瀛海家园店),京鲜生超市(永旭嘉园店),圣龙皮草工厂店,三槐吉星超市,玉璟园,君琴果蔬超市,京盛发超市,众信诚生活超市	北京市大兴区兴海路2号c座15楼,北京市大兴区瀛顺路9号,北京市大兴区瀛坤路4号,大兴区永旭嘉园底商,北京市大兴区瀛昌街瀛海镇人民政府西南侧约180米,北京市大兴区瀛海镇三槐家园9号楼1单元底商,北京市大兴区瀛头路5号,北京市大兴区兴海园6号楼101号,北京市大兴区黄亦路兴海园7号楼,北京市大兴区瀛海镇瀛坤路4号院瀛海家园1号楼一层2号				
9578			自建一流的专业运营团队:由拥有近10年高端养老服务经验的专业人员领衔。护理团队具备高端养老经验，部分人员具有三甲医院及海内外高端养老服务从业经验。新华家园护理团队打造的高端专业护理服务，为长者提供高品质的城市养老生活，让长者尊享晚年生活的新篇章。	c579013e-5edf-422c-9797-b10db74539c0.png,49b1b420-7ecd-421b-8109-93615aec9aaa.png,	NULL	新华康复医院-地下停车场,六里桥北里,北京西站,中国石化(六里桥加油站),莲花桥,莲花池汽车站,六里桥东公交场站,六里桥东,兴海大厦-地下停车场,六里桥北	北京市丰台区莲花池西里8-1,52路;67路;74路;76路;96路;134路;142路;300路快车内环;300路快车外环;300路内环;300路外环;323路;339路;368路内环;368路外环;387路;473路;603路;616路;616路快车;631路快车;843路;890路;890路担礼;901路;901路快车;901路快车[东岭直达];901路快车[换乘直达];901路直达快车区间;977路;北京机场夜间西线;大兴机场大巴天通苑线;高铁专线2路;快速直达专线145路;快速直达专线68路;夜30路内环;夜30路外环;夜36路;专3路,北京市丰台区莲花池东路118号,北京市丰台区六里桥北里6号,地铁10号线内环;地铁10号线外环,832路;835路;快速直达专线115路;通游专线25路,6路;38路;998路,6路;38路;57路;69路;74路;76路;133路;133路区间快车;137路;309路;309路区间;321路;321路区间;349路;390路;477路;820路;836路;890路;890路担礼;895路;917路;917路快车;917路快车区间;941路;941路快车;968路;971路;982路;982路快车;高铁专线2路;快速直达专线11路;快速直达专线154路;快速直达专线3路;快速直达专线86路;通游专线21路;夜7路,北京市丰台区莲花池西里9号,52路;76路;134路;339路;554路;603路;820路;890路;890路担礼;941路;941路快车;968路	新华康复医院,北京市丰台区卢沟桥街道莲花池西里社区卫生服务站,北京电力医院-门诊,北京电力医院-住院部,北大医疗脑健康儿童成长之家(北京丰台中心),北京市丰台区卢沟桥街道六里桥北里社区卫生服务站,北京电力医院,北京市丰台区卢沟桥乡六里桥村社区卫生服务站,北京电力医院-急诊,莲花池康复医院-门诊	北京市丰台区莲花池西里8-1号,北京市丰台区西三环中路莲花池西里6号院17号1层南侧,北京市丰台区太平桥西里甲1号,北京市丰台区太平桥西里甲1号北京电力医院内,北京市丰台区西局北街28号院西局小区5号楼,北京市丰台区莲宝路六里桥北里14号楼,北京市丰台区太平桥西里甲1号,北京市丰台区卢沟桥乡六里桥村莲怡园北路莲怡园二区2号楼一层南区,北京市丰台区太平桥街道太平桥西里甲1号北京电力医院内,北京市丰台区莲宝路2号莲花池康复医院内	桃源泉涌,莲花池公园-东广场,菡萏园,牡丹园,享廉亭,侯仁之纪念角,品种荷花荡区,莲花观赏池,月季观赏区,睡莲池	西三环南路38号莲花池公园,西三环南路38号莲花池公园,西三环南路38号莲花池公园,西三环南路38号莲花池公园,西三环南路38号莲花池公园,北京市丰台区北京西站南路莲花池公园,西三环南路38号莲花池公园,西三环南路38号莲花池公园,西三环南路38号莲花池公园,西三环中路莲花池公园	幸福荣耀超市(莲花桥店),城乡购物中心(公主坟店),光耀东方广场,悦邻百姓广场,易多软膜天花卡布灯箱吊顶透光膜厂家,中华书局(丰台店),北京第一法律书店(莲花池店),丽泽16号购物中心,首航超市(太平桥店),幸福荣耀超市(北京西站店)	吴家场路1号院悦邻百姓广场地下1层,北京市海淀区复兴路甲23号,北京市海淀区羊坊店路18号,北京市丰台区西三环莲花桥吴家场路1号院1号楼,北京市丰台区卢沟桥街道莲花池西里九号兴海大厦,太平桥西路太平桥西里38号,六里街街道莲华路莲花池西里7号（法律出版社综合业务楼1楼）,北京市丰台区西三环南路16号,太平桥街道西客站南路21号(广安路路口以南300米路西),莲花池东路北京西站下沉广场西侧（瑞海大厦地下一层）				
9590	“丰富多彩”的业余生活：影视剧鉴赏，讲座活动，节庆活动，老少乐寿会，旅游服务，康宁老年大学，有书画室、图书阅览室、棋牌室、练歌房、音乐教室、健身房、舞蹈教室、乒乓球/台球室、多功能厅、活动室、阳光房等休闲文化娱乐设施，户外活动等。	1ac00bb7-c054-4fee-90e4-478da95db618.jpg,a6923a06-7695-4368-8813-c3e1a909a4bb.jpg,1e2b568f-74c2-4939-bfa4-7a4dc407e8bf.jpg,a137e49a-6f21-4f0f-9feb-007dfce60ff4.jpg,a0bbf697-af28-4366-bb75-8b8097829b10.jpg,563a173a-5915-4d3b-9c74-16f6e73c2d79.jpg,781303d4-30b2-48af-b000-9a4264083815.jpg,21d16221-ec5b-45a2-8558-30b6da4b1029.jpg,861a39c1-7cdb-4e57-a1fe-bf6bc2e024d5.jpg	“健康管理中心”配备专属的健康秘书，每年为长者体检，建立个人健康档案，对每一位长者的身 体状况进行专业的健康检测、健康评估和健康干预，制定以“治未病”为主的个性化健康管理方案。	ys-fb5a9e62-1676-4564-866b-d122f9cc4cbb.png,d3fbd432-72a4-40f1-990f-1c522f92c7eb.png,4168cc3b-1a2e-4b94-91aa-4ce94001ed45.png,ys-82aaf8f9-75d7-4094-a89e-987b2405f3ce.png,ys-9a9af911-7ab4-4e09-bc72-b0a1f69e67d5.png,ys-d2bd6867-babc-448f-a6d8-53aad6277f39.png,ys-d81ef83d-33c7-4bed-88cf-7cd79d1128bb.png,ys-6ff2e84e-df2a-4847-abc6-a3e1621cf018.png,	NULL	停车场,天津大学仁爱学院,国家电网充电站(光合谷旅游度假区),仁爱团泊湖逸湖岸东南侧-停车场,天津仁爱学院西北侧-停车场,天津仁爱学院西侧-停车场,停车场,光合谷旅游度假区-西南侧地上停车场,林奇郡,仁爱团泊湖逸湖岸东南侧临时停车点	天津市静海区津王路仁爱团泊湖逸湖岸西南侧约300米,156路;168路;710路;710路区间;静16路,天津市静海区团泊镇新城东区光合谷旅游度假区,天津市静海区津王路仁爱团泊湖逸湖岸东南侧,天津市静海区津王路团泊足球场西南侧约220米,天津市静海区津王路与泽水北路交叉路口往东北约210米,天津市静海区津王路团泊足球场西南侧约250米,天津市静海区光合谷生态文化产业园,156路;168路;710路;静16路,天津市静海区津王路仁爱团泊湖逸湖岸东南侧	天津市静海区团泊镇中心卫生院,名仁诊所,艺佳口腔,静海德泰诊所,光合谷旅游度假区游客服务中心-医务室,天津市静海区团泊镇中心卫生院-发热门诊,福满家口腔,慈铭健康管理中心,洪善荣药店,宝芝源大药房(第十九药店)	天津市静海区团泊镇天房南路2号,天津市静海区清水北路雍景豪庭25-7-101号,天津市静海区修江道,天津市静海区环湖东路御湖北苑,天津市静海区团泊镇新城东区光合谷旅游度假区内,天津市静海区团泊镇天房南路2号,天津市静海区天房南路团泊镇政府西南侧约40米,天津市静海区津王路与秀水路交叉路口往西南约180米,天津市静海区团泊镇团泊新城轩诚美食城2楼208正西方向30米,天津市静海区团泊富力新城新城配建5号	自然乐园,光合谷旅游度假区,动物科学王国,仁爱团泊湖,魔幻翡翠城-自控飞机,天津在山野露营基地,秀水公园,熊猫馆,光合谷旅游度假区-动物园,猴王石	天津市静海区团泊新城汇水路仁爱学院,天津市静海区团泊新城东区光合谷生态文化产业园,天津市静海区团泊新城东区仁爱东道1号,天津市静海区津王路与地水路交叉路口往西北约200米,天津市静海区团泊镇光合谷旅游度假区魔幻翡翠城,天津市静海区津王路20号,天津市静海区岷江道,天津市静海区动物园内,天津市静海区团泊镇新城东区光合谷旅游度假区,天津市静海区团泊镇新城东区动物园	邢振明五金经营部,鑫源美迪装饰材料,顺源电动工具,津客来生活超市,天津市静海区九鸿生鲜店,精品蔬菜水果,福利生鲜果蔬,大众渔具店,静海百货公司团泊超市,泊星折扣店	天津市静海区秀水路中惠·团泊湾西侧约40米,天津市静海区团泊镇G205(津王路),天津市静海区津王路团泊足球场西南侧约260米,天津市静海区中骏云景台北门,天津市静海区仁爱学院66号楼131号商铺,天津市静海区修江道与清水北路交叉口北180米,团泊镇富力新城配建9-101,天津市静海区茗珠馨苑14号楼3门101室,天房南路团泊镇政府西侧约30米,天津市静海区团泊镇观澜北苑配建3-101				
9602	开设长者学院，最大限度激发长者活力，帮助长者启迪心灵、增长知识、陶冶情操、拓宽视野。\n设置艺术长廊、书画社区、制作工坊、拍卖展示区。开展丰富多彩的艺术交流活动如培训、展览、展示、比赛、艺术节、公益拍卖等，丰富长者文化生活。\n开设长者学院，最大限度激发长者活力，帮助长者启迪心灵、增长知识、陶冶情操、拓宽视野，使学院成为长者延缓衰老、永葆活力的精神家园。\n采用国际标准的老年综合评估体系，对长者身体状况、心理健康、社会功能、自身现存及潜在的健康风险等进行综合评估。\n设置棋牌、麻将、健身、乒乓球、台球、沙狐球、门球、游泳、温泉水疗、卡拉 OK、室内高尔夫、电影剧场、图书阅览、水吧茶室、祷告静修、超市购物、美容美发、幼儿照护、健身广场、多功能室等活动场所。不定期举办大型艺术节活动，邀请包括音乐、舞蹈、戏剧等各领域中的顶尖人士以及深具潜力的新秀，让长者享受艺术活力和创新精神。	ys-2faa2df3-0201-4236-a291-69c11fb3bcec.png,ys-ca805d64-2686-4b0b-be8b-c64ba9d23a26.png,ys-9c23f99c-98f5-4095-965d-ea5bfa34aa77.png,ys-ac8dfa73-3b05-41f4-ae8a-786866672601.png	采用国际标准的老年综合评估体系，对长者身体状况、心理健康、社会功能、自身现存及潜在的健康风险等进行综合评估。\n除社区自建医疗康复中心外，还与北京协和、解放军总医院等多个三甲医院合作，建立绿色通道、实现双向转诊，开展专家坐诊、巡诊服务，建设健康管理中心、老年康复、中医康复、呼吸康复等特色康复中心，提供急救保障、慢病管理、康复保健，实现全人医疗，为老人提供生理、功能、心理和社会等全方位的医疗保健服务。	ys-1611fb27-215d-4b3d-9b2e-33bc6750e1cc.png,ys-ebb43328-d5d0-4839-a41a-21404f9f3b94.png,	NULL	小堡南街,小堡路口,小堡村南口,宋庄,后夏公庄,京榆旧线与宋梁路交叉口,谷德玛特购物广场东南侧停车场,小堡商业广场,宋庄路口,京榆旧线辅路/徐宋路(路口)	808路;808路区间;809路;T18路;T48路,北京市通州区,813路;T120路;T18路;T2路;T48路;T49路,808路;808路区间;809路;813路;T120路;T18路;T19路;T2路;T48路;T49路;郊88路,808路;808路区间;809路;T120路;T18路;T19路;T48路;T49路,北京市通州区X013,宋梁路102号附近,808路;808路华龙班车;808路区间;809路;T18路;T48路,北京市通州区,北京市通州区徐宋路	北京市通州区中西医结合医院(宋庄院区),通州区宋庄镇宋庄社区卫生服务中心,宋庄卫生院保健科,宋庄镇农村合作医疗办公室,北京市通州区宋庄镇小堡村卫生室,北京东东门诊部,通州区精神卫生中心,阳光爱儿童智能康复中心,北京市社区卫生服务,北京金禾堂医药有限公司	北京市通州区宋庄南一街203号院,北京市通州区宋庄镇前夏村政府路宋庄人民法庭南侧,北京市通州区宋庄镇前夏公庄88号,北京市通州区政府路宋庄镇人民政府,北京市通州区宋庄镇小堡村北街268号,北京市通州区宋庄镇小堡村20号,北京市通州区小堡村北街1号,北京市通州区宋庄镇宋庄村临68号,北京市通州区小堡西街118号,北京市通州区中街118号	葡宴国中酒窖国中美术馆,上上国际美术馆,雪鸿艺术馆,中和美术馆,破竹堂艺术馆,画家大院,演旭美术馆,曹瑞华美术馆,宋庄A区艺术中心,五贤堂	北京市通州区国防艺术区b130,北京市通州区徐宋东四街北50米,北京市通州区小堡西街123号,北京市通州区宋庄路北京荣超快捷宾馆西侧约130米,北京市通州区小堡南街a98号,北京市通州区宋庄镇A区艺术中心南50米正东方向100米,通州区老政府路宝珍苑公寓旁路口内正西方向80米,北京市通州区小堡北街与徐宋路交叉口东北150米,北京市通州区宋庄小堡北街a区,北京市通州区潞苑北大街祥瑞苑壹号院东侧约40米	谷德玛特生活超市(谷德玛特购物广场店),肯德基(谷德玛特购物广场餐厅),安踏(谷德玛特购物广场店),中国艺术品交易中心,华联购物中心(政府路店),都市丽人(谷德玛特购物广场店),RELX悦刻(谷德玛特购物广场店),玉榕花店(谷德玛特购物广场店),特步(谷德玛特购物广场店),谷德玛特购物广场东南侧停车场	北京市通州区013县道,北京市通州区宋庄镇京榆旧线谷德玛特购物广场F1,北京市通州区宋庄镇京榆旧线谷德玛特购物广场F2,北京市通州区公共服务平台旁,北京市通州区宋庄南三街201号,北京市通州区宋庄镇京榆旧线谷德玛特购物广场F1,北京市通州区宋庄镇京榆旧线谷德玛特购物广场F1,北京市通州区宋庄镇京榆旧线谷德玛特购物广场F1,北京市通州区宋庄镇京榆旧线谷德玛特购物广场F1,宋梁路102号附近				
9720	大爱书院打造约13000㎡中心会所，设置有大爱藏书室、手工活动室、健身房、游泳池等一站式养老文化活动空间，同时开设丰富课程以及定制旅居游学，实现老有所教、老有所学、老有所为、老有所乐。	ys-5181c09d-5e5d-4003-b5ad-34ae48813a70.png,ys-d89c0173-7168-4a62-b802-35a860f1d617.png,ys-d4d7e9d7-c283-4a13-9c3f-a8d903be5539.png,ys-08d243cc-ea69-498d-951f-3a42302ba2bf.png,ys-f777de27-ecd9-4523-95b5-21667dd1e8fc.png,ys-090eaa02-192e-457e-a90d-9b1f0cebe805.png,ys-e6fd2efb-9deb-4ef9-a67b-7174b5d82049.png,ys-e5c23513-18ef-4093-907e-bae6ccf6c93e.png,ys-c9812db1-caa8-4ce8-9b1e-285e8248f08e.png,ys-4c35ac41-638c-452b-85a1-7fc597d494f4.png,ys-a620b090-e8f2-4c15-9e83-9a1cc0eaec8d.png	整合香河大爱书院养老中心医务室、香河大爱医疗中心、香河大爱康复医院（建设中）、国内三甲医院资源为主体，打造四级医疗联诊体系，为长者提供健康医疗、在线就医、慢病管理、紧急救助等多维医疗服务保障。	ys-3bc6f9d2-5b72-4970-8a2e-7e39340246ca.png,	NULL	广阳道辅路北侧临时停车点,特来电充电站(廊坊广阳燕青集团充电站),广阳道口,万向城-地上停车场,万向城-地下停车场,朗新能源投资有限公司充电站(小朗充电-廊坊万向城小区充电站),西务,市政府,特来电充电站(廊坊市广阳区燕丰园西门停车场项目),黄金部队研究所	廊坊市广阳区广阳道廊坊市政府,河北省廊坊市广阳区爱民东道街道裕华路217号燕青·仕博酒店,11路;35路,廊坊市广阳区广阳道万向城商场,廊坊市广阳区裕华路145号万向城B2,裕华路94号万向城小区3号楼附近地面充电站,7路;22路;31路;38路B线;39路;清明扫墓专线三号线,7路;10路;22路;31路;38路A线;38路B线;39路;清明扫墓专线三号线;夜间观光1路,河北省廊坊市广阳区裕华路167号河北省廊坊市广阳区爱民东道街道中国农业银行(廊坊群安街分理处)燕丰园,30路A线;30路B线	星樾医疗美容,广阳区眼科医院,廊坊市人民医院脑科病区,广阳颜颂医疗美容诊所,韩誉国都医疗整形,廊坊市中心血站,中艾堂,廊坊市广阳区城乡居民基本医疗保险所,青少年近视防控中心,廊坊广安医院(东院区)	廊坊市广阳区广阳道228号燕青大厦三层,裕华路228号,河北省廊坊市广阳区永兴北路61号,廊坊市广阳区广阳道万和南区,河北省廊坊市广阳区新世纪步行街第八大街,廊坊市广阳区广阳道218号,裕华路与广阳道交口南行50米路东(万向城商场东侧对过),河北省廊坊市广阳区爱民东道街道裕华路228,河北省廊坊市广阳区裕华路(广阳区眼科医院),河北省廊坊市广阳区裕华路与廊万路交叉路口东侧	丹凤公园,冀R拖挂房车营地,友谊园,银泉园,自然公园东区-游乐场,人民公园-怡秀园,幸福厅,紫薇园,廊坊无线电科普基地,人民公园-樱花园	北凤道31号附近,河北省廊坊市广阳区颐和佳苑西北侧约100米,廊坊市广阳区爱民东道与丰盛路交叉路口往东南约60米,廊坊市广阳区廊万路与西昌路交叉路口往东约90米,河北省廊坊市安次区西昌路自然公园,廊坊市广阳区人民公园内,河北省廊坊市广阳区广阳道297号,廊坊市安次区西昌路,廊坊市广阳区迎春路河北省廊坊无线电管理局,廊坊市广阳区人民公园内	万向城,Apple授权服务商(百邦廊坊万向城店),XZ玩具屋(万向城店),明珠超市(永兴店),京客隆(第七大街店),小米之家(万向城店),周大福CHOW TAI FOOK(万向城商场店),小罐茶(万向城店),喜乐珠宝(万向城店),周六福(万向城商场店)	河北省廊坊市广阳区广阳道和裕华路交汇处(新市政府正对面),南尖塔镇广阳道与裕华路交口万向城购物中心F4层—B005铺位,河北省廊坊市广阳区广阳道和裕华路交汇处(新市政府正对面)万向城B1,永兴路幸福天地润园S1商铺,第七大街西端京客隆超市,万向城购物中心F1层北侧,广阳道与裕华路交叉路口往西南约100米(万向城北侧约50米)万向城商场F1层,万向城购物中心一楼,河北省廊坊市广阳区广阳道和裕华路交汇处(新市政府正对面)万向城F1,河北省廊坊市广阳区广阳道和裕华路交汇处(新市政府正对面)万向城F1				
9741	温泉水疗、电影院、亲子乐园、养生大讲堂、棋牌室、禅修室、会员活动中心（每日均有不同活动安排，多达20种以上）	ys-2e3edd28-7d7f-4525-ae0c-0cfc34a0d049.png,ys-ab413eee-be77-4639-a14e-70f19d499137.png,ys-37c9f0c0-4975-4b36-ba68-280047f5a443.png,ys-599f38af-c45d-4c8e-83bb-ea01ad614fae.png,ys-980cf6fe-c18d-4f87-ae04-4ea8887290da.png,ys-119b1f58-65b0-4ebe-8312-87bfa4fce495.png,ys-4ddc8960-9042-430e-b5fd-b348dd68aa06.png	由海南卫健委批准设立的一级医疗机构。\n开创无癌雨林呼吸系统慢病调理治疗法、氢分子医学、功能理疗等康复医疗项目。	ys-72d4a8bb-7be6-40bf-b332-18cf00c40e13.png,ys-fe4722eb-f578-460d-8af9-e3692a11f82e.png,ys-69139085-4faa-487a-a5da-a3489814ed02.png,ys-bef893e7-9eed-40ca-b9b8-dd139ff22e00.png,ys-a1e19cab-350d-4ff3-939a-60f012d44a6d.png,ys-126fd7e3-4c18-446c-b54d-467950598c81.png,ys-0951e0da-fdf6-40c1-a9a5-42694b4c666c.png,ys-939ed870-156e-470e-8f0c-e923996c6502.png,	NULL	澜湖岸边-停车场,南方电网充电站(五指山供电局本部充电站),天元花园,森林湖西南侧-停车场,海榆(中)线与翡翠大道交叉口,森林湖,中国铁塔充电站(海南五指山家具城充电站),瓦特充充电站(五指山中部大酒店充电站),颐山居-停车场,特来电充电站(五指山国金大酒店充电站)	海榆南路162号路口,海南省五指山市通什镇三月三大道127号香山花园(翡翠大道),1路;5路,市三月三大道333号(原五指山中华民族文化村),五指山市G224,1路;5路,新国泰红木家具城,G224(海榆(中)线)森林湖,海南省五指山市三月三大道150号,海南省五指山市五指山奥林匹克体育训练馆东南(理文路北)	五指山市计划生育服务和妇幼保健院,五指山市计划生育服务和妇幼保健院-发热门诊,五指山通什健安内科诊所,五指山市妇幼保健所,常青药店(翡翠大道店),五指山市人口和计划生育服务站,灏渤诊所,玉峰诊所,五指山市医疗保障局,五指山生命健康中心	海南省五指山市G224(海榆(中)线),五指山市三月三大道鲁泉家园南侧约50米,海南省五指山市翡翠大道山水龙湾5号楼,海南省五指山市三月三大道58号,海南省五指山市河南东路与翡翠大道交叉口西150米,海南省五指山市三月三大道117,海南省五指山市通什镇理文路2号润城山语4号楼1层109商铺,海南省五指山市三月三大道49-8号,海南省五指山市理文路,海南省五指山市沿河北路10号圣河湾小区1楼	五指山基督教会,叮哒哒乡村旅游点,海南热带雨林国家公园管理局五指山分局,五指山市科技馆,福安基督教堂,金婴成长乐园	海南省五指山市三月三大道颐山居小区商铺二楼202号,五指山市天元路天元花园西南侧约140米,海南省五指山市三月三大道河南一横路1号,海南省五指山市翡翠大道五指山文体中心二层,海南省五指山市五指山翡翠新区,海南省五指山市三月三大道翡翠花园水云山庄12栋	颐山居生活超市,三月三国际购物广场,汇金超市(三月三大道店),尚美客百货超市,惠丰裕生活超市,广达建材商店,椰枫家园超市,明贵百货商行,新百家汇,每邻美汇百货超市	五指山市三月三大道颐山居,三月三大道53号,通什镇三月三大道南海家园西南侧五指山瑞园,海南省五指山市通什镇翡翠花园山水龙湾112号,五指山市翡翠大道翡翠花园,森林湖斜对门,海南省五指山市理文路16号,海南省五指山市迎宾路88号,海南五指山市通什镇三月三大道53号三月三国际购物广场,五指山市河南东路翡翠花园				
9770	<p>知心娱乐：悦年华•长沙天心颐养中心（天心区社会福利中心）内设书画室、阅读室、棋牌室、影音室等各种兴趣活动室，为长者提供展示的舞台；专设社工岗位，科学规划长者活动；重要节庆日举办展览、比赛、游戏等，在缤纷多彩的文娱生活中，快乐养生、精致养老。</p>	ys-4b02b6c3-bcb1-42fb-bdcb-0ee63af03fce.png,e332ec0e-f0cf-4da4-8a30-e1ed6f55feb8.jpg,10b9a1fa-9824-41d1-ac30-d70feeb42ab2.jpg	<p>1、健康管理：医护日查房，对每位长者建档；根据健康状况，对呼吸、体温、脉搏、血压基本四项、以及血糖、血氧等指征监测；药物集中管理；基础病、常见病基本治疗不出院。</p><p>2、贴心养老：配备年轻化高素质养老团队，结合气候及长者作息情况，科学规划长者每日生活，定期查房，鼓励长者活动筋骨，让长者享受悠然自得的晚年生活，为长者提供真正贴心、实用、安全舒适的起居照护体验。</p><p>3、精心康复：精准呵护，实现健康动态管理。入住前为长者提供全面健康综合评估，依据评估结果制定精准的养护方案，入住过程中持续关注长者健康，防控健康风险，实现长者的专属健康动态管理。</p><p>4、耐心护理：依托资深医护团队，可为长期卧床、疾病末期的失能失智长者提供精细化、专业化的护理服务。以自立支援、身心并护的服务理念，为长者提供全方位照护服务。</p>	e6e96292-d772-4cf3-8a68-8042b136f89d.png,0acccc29-86be-4cc4-beac-e426d48a6a01.png,cae9392e-3ee5-477d-b4a8-7c3e3833fbfa.png,1eb26812-a032-4457-b9bf-40abf602abb1.jpg,	NULL	大托中心幼儿园北侧-停车场,大托村,停车场,长沙远图交通设施有限公司厂部,停车场,停车场,天心区大托镇大托村村民委员会东侧-停车场,新港村,长沙市公安局交通警察支队天心大队-停车场,巴溪洲-南侧地上停车场	长沙市天心区湘江南路大托中心幼儿园北侧,35路,长沙市天心区湘江南路大托中心幼儿园西南侧约70米,湖南省长沙市天心区桂升路,长沙市天心区湘江南路大托中心幼儿园西侧约160米,长沙市天心区湘江南路大托中心幼儿园北侧约150米,长沙市天心区大托中心幼儿园东北侧约180米,35路,长沙市天心区湘江南路天心区交通警察大队,长沙市岳麓区巴溪洲水上公园	长沙市天心区大托铺街道社区卫生服务中心,长沙爱之心老年公寓,益心堂诊所,老百姓健康药房(金源店),养天和大药房(大托店),芝林大药房(大托店),楚济堂大药房(新港店)	湖南省长沙市天心区桂升路,湖南省长沙市天心区兴隆村桂升路北50米,长沙市天心区X055长沙农村商业银行(城南支行)东南侧,湖南省长沙市天心区大托新村厂厅组,湖南省长沙市天心区天心农村合作银行(055县道西),大托铺街道大托村七公司,湖南省长沙市天心区大托村(近055县道)	仰山庙,山人部落休闲烧烤露营,沈家祠堂,长沙大圆塘,北塘庙	湖南省长沙市天心区大托铺街道,长沙市天心区桂升路与毓秀路交叉路口往西南约280米,长沙市岳麓区潇湘大道,湖南省长沙市天心区大托铺街道兴隆村兴隆生态园北402号,长沙市天心区大托铺街道大托镇新港村	猫记自选超市,千窑湾平价超市,方方超市,大托百货批发超市,文武哥渔具店,快乐惠(七公司店),爱你永不便利店,雅迪电动车(大托铺店),添一家商行,秋涵便利店	长沙市天心区桂井村猫行组718号,长沙市天心区湘江南路长沙市公安局天心分局大托铺派出所西南侧约80米,长沙市天心区铁铺湾,湖南省长沙市天心区天心农村合作银行(055县道西),长沙市天心区X055长沙农村商业银行(城南支行)西南侧约50米,湖南省长沙市天心区大托铺街道大托镇七公司,长沙市岳麓区巴溪洲水上公园,湖南省长沙市天心区055县道大托新村107号,长沙市天心区X055长沙农村商业银行(城南支行)南侧约100米,湖南省长沙市天心区大托铺街道大托新村香铺园组31号				
9947	<p>太湖椿2幢楼至18幢楼为乐活银龄住区，共715户，其中2幢高层，13幢洋房，全屋精装修适老化设计，营造“五园八境”，打造低密乐活养老社区，为长辈提供健康医疗、膳食特配、居家保障、专属管家、尊享定制、休闲文娱、生态疗养7大类70余项“七彩鑫怡”特色服务，开启享老新生活。</p><p>住区内每幢都打造了沉浸式共享公区和全景长者社交空间，通过“金凰展翼”布局，以鑫颐学院为中心轴，享有超16000平方米公区配套，两翼通过风雨连廊串联有氧运动空间、手工兴趣角等，搭配恒温泳池、颐养汤池、两大主题餐厅等，园区景观以“善意”为核心诉求，以“适老化”为设计标准，形成真正的情境共融的沉浸式全景长者社群休闲平台，共享有人、有景、有情、有味的美好银龄。</p>	983894c7-9c9c-49d3-b0cc-c91098767140.jpg,e3ef601a-6b53-4efa-9f21-80983bb29f6f.jpg,187734d8-7a7e-43e0-be01-e09aa03e0cb4.jpg,c77c0286-c605-45ca-b1e4-b1bcaf3a5a81.jpg,0676b7dc-e98c-4d44-b961-cd1bfea36ced.jpg,39c4d53b-b109-47f4-9348-a3add9d72962.jpg,6781df9a-65f4-4750-9095-84b902e72de1.jpg,23502285-86b5-4de8-8842-55dc585d8e4c.jpg,272d038f-ad39-4d76-bbbe-7660efb4e1d3.jpg,4c66c9bc-ec1b-468c-a86a-841012c2b238.jpg	<p>椿怡护理院总建面约1万余平米，设置综合区、护理区（拥有79个床位）、养老区（拥有253个床位）、认知症专区四大区域，为长者提供基础医疗、特色康复、生活照料、专业护理、认知症照护等功能服务，营造场景温馨、服务门类健全的颐养家园。</p><p>综合区（1楼）：设有门诊、内科、中医科、康复医学科、活动大厅、健康评估室、药房，可满足长者们的日常生活及医疗需求。</p><p>护理区（2-5楼）：提供疾病治疗、生活照料、专业护理及特色康复服务，协助照料（半护理/全护理）长者安然度过晚年时光。</p><p>养老区（6-9楼）：提供介护服务，为高龄长者提供生活上的持续性照料，心理上的关怀服务。</p><p>认知症专区（10楼）：运用园艺疗法、怀旧疗法、玩偶疗法、宠物疗法、音乐疗法、香薰疗法、多感官刺激疗法等认知症照护疗法延缓认知能力下降。</p><p>从护理院到浙江鑫达医院急诊入口设有黄金救援通道，在突发情况下，为老人赢得最宝贵的黄金教治时间。</p>	b0f4e73c-8a3e-4cd7-b1da-89979a476107.jpg,	NULL	康乐路南侧临时停车点,博瑞广场-地下停车场,停车场,百汇大厦-停车场,停车场(康乐路),天荒坪中路/康乐路(路口),安吉县实验小学-停车场,壹号公馆(九州昌硕广场店)-地下停车场,安吉小商品市场,安吉实验小学	湖州市安吉县康乐路安吉博瑞酒店,湖州市安吉县大康路,湖州市安吉县浦源大道安吉博瑞酒店北侧约60米,湖州市安吉县玉华路九州昌硕广场,湖州市安吉县浦源大道涌金苑南侧约80米,湖州市安吉县康乐路,浙江省湖州市安吉县玉华路203号,湖州市安吉县人民路九州昌硕广场,安吉101路;安吉103路;安吉117夜间路,安吉101路;安吉103路;安吉117夜间路;安吉120路	安吉县职工医疗门诊部,安吉县中医医院,珀雅医疗美容,薇美医疗美容,仁济综合,汇泉康复医院,递铺献血点,正禄堂鼻炎护理中心,安吉县递铺街道卫生院(南北庄分院),安吉仁安医院	浙江省湖州市安吉县浦源大道39号,递铺镇胜利西路299号,浙江省湖州市安吉县昌硕街道新华路72号,浙江省湖州市安吉县胜利西路68号,湖州市安吉县玉华路涌金苑东南侧约30米,浙江省湖州市安吉县苕溪路218号,湖州市安吉县胜利东路昌硕广场交银村镇银行门口,浙江省湖州市安吉县芜园西路16号,浙江省湖州市安吉县递铺中路19号经典1958朱泰来国医馆2层,浙江省湖州市安吉县天目路153号	昌硕儿童公园,景都翡翠湾,安吉县美术馆,安吉县石马港生态园,铜山公园,安吉基督教堂,天津白蛇谷原生态景区,石海洞天,安吉县科普活动中心,安吉白茶文化生态博物馆	湖州市安吉县东庄路与天目中路交叉口西南150米,湖州市安吉县天荒坪北路278号,浙江省湖州市安吉县天目中路643号,湖州市安吉县玉磬路丽景湾小区东侧约30米,玉磬路与灵芝路交叉路口,浙江省湖州市安吉县云鸿东路30号,湖州市安吉县黄崖关长城北1公里,湖州市安吉县商会大厦b座,浙江省湖州市安吉县东庄路2号,湖州市安吉县天目中路518号生态博物馆2楼	朝良百货批发,万象世界购物广场,竹业城,安踏(万象世界购物广场店),优尚玛特购物广场,新浙北购物中心,海澜之家(胜利路店),万象世界购物广场-西门,九州购物中心,九号(浦源大道店)	浙江省湖州市安吉县天荒坪中路309号,天荒坪中路489号,浦源大道436号,递铺街道天荒坪中路489号万象世界购物广场2楼,景尚街10号,浙江省湖州市安吉县云鸿东路1号,胜利东路47-51号,浙江省湖州市安吉县天荒坪中路与玉华路交叉口东南50米,浙江省湖州市安吉县天荒坪中路489号昌硕广场5号楼,浙江省湖州市安吉县浦源大道342号、346号				
10457	<p>娱乐设施：棋牌室、电影院、健身房、书画室、阅览室、电脑室、多功能活动室等</p><p>娱乐服务：兴趣班、节日活动、才艺展示等</p>	f3d3048f-d208-43f2-aa87-93a94293ea71.jpg,1cc5d8cb-379d-4f87-b5dc-6e49c85bde84.jpg,440abcb5-48e6-4cd9-8bfa-47d46d6065d4.jpg	<p>柳州东城海阳颐养中心共包含132间起居室及配套用房，共设居室床位370多位，其中A座近190张木质起居床，海阳集团标准化模式的输出，结合物联网、互联网技术，不仅在服务模式上进行创新，同时在运营管理全过程，通过海阳智慧云平台实现医疗服务、生活照料、健康管理、实时监护等保障。</p><p>柳州东城海阳颐养中心的A座近190张木质起居床，B座近180张智能化遥控医疗床并配套相应的适老化设施和服务，致力于为入住长者提供24H管家式服务，专业医养融合照护，提供全方位的生活照料，提升养老生活的幸福感。其中，值得一提的是，海阳集团数智化养老一失能失智长者照料区域位于B座2-3层，数智化养老照护中心为认知障碍长者及家庭提供专业、温暖、持续全程医养融合、数智化照护。</p>	7c01393c-b8c9-4122-9c61-ac3d902d3caa.jpg,	NULL	龙城充汽车充电站(柳州市政府北门),窑埠古镇-停车场,文昌综合楼-停车场,柳州市文昌综合楼-停车场,海关南路,市民广场(市政务服务中心),市民广场(市政务服务中心),停车场(柳州市文昌综合楼西),市政协,南方电网充电站(柳州市文昌综合楼北门)	广西壮族自治区柳州市城中区文昌路66号,广西壮族自治区柳州市鱼峰区蟠龙路9号,柳州市城中区清和路柳州市人民政府,广西壮族自治区柳州市城中区东堤路东200米,75路,34路;54路;59路;69路;70路;90路;101路;市民服务中心大站快线,34路;54路;59路;69路;70路;90路;101路;市民服务中心大站快线,柳州市城中区清和路文昌综合楼,75路,柳州市城中区清河路文昌楼综合楼	阳光医疗保健中心,美年大健康(晨华路店),美齿口腔,广西医莱美容有限责任公司(城中诊所),柳州市人民医院,李氏手法脊顺堂,蓝天口腔集团柳州蓝天口腔门诊部,广西医大柳州体检中心,柳州市中医院,柳州市按摩医院	广西壮族自治区柳州市城中区海关路1号2-29(温馨嘉园二楼),广西壮族自治区柳州市城中区瑞安路2号儿童文化创意园恒隆广场柳州恒隆汇(瑞安路店)F8,柳州市城中区瑞安路杰尼亚酒店(柳州城中万达广场阳光100店),广西壮族自治区柳州市城中区阳光100城市广场25栋,广西壮族自治区柳州市城中区文昌路8号,柳州市城中区海关南路6号东堤新都一区64号,广西壮族自治区柳州市城中区桂中大道南段2号阳光壹佰城市广场30栋1-8号,柳州市城中区清和路杰尼亚酒店(柳州城中万达广场阳光100店)南侧约40米,柳州市城中区解放北路32号,广西壮族自治区柳州市城中区东环路230号居上v8层c座	柳州城市规划展览馆,柳州工业博物馆,窑埠古镇,柳州文庙,柳州博物馆,柳侯公园,柳州市河东公园,东堤游园,柳州生态宜居馆,乳泉井(柳州专卖店)	广西壮族自治区柳州市城中区文昌路66号,广西壮族自治区柳州市鱼峰区柳东路220号,柳州市鱼峰区蟠龙路9号,柳州市鱼峰区夫子路8号,解放北路37号,广西壮族自治区柳州市城中区文惠路60号(博物馆对面),广西壮族自治区柳州市城中区文昌路市民广场(柳州市文昌综合楼南),广西壮族自治区柳州市城中区潭中街道东堤路与沿江路交叉口西北100米,广西壮族自治区柳州市鱼峰区柳东路220号柳州工业博物馆,广西壮族自治区柳州市城中区桂中大道南端5号48栋1-1号商铺	柳州恒隆汇(瑞安路店),KT Fruit水果超市(晨华店),大丰收超市(东城路店),五星百货·乐和(奥莱),世纪联华(东环大道店),柳州王府井购物中心,蓝熊酒酷旗舰店(窑埠古镇店),酒小二线下体验馆,冠超市(柳州万达店),KT Fruit水果超市(乌托邦)	广西壮族自治区柳州市城中区瑞安路2号儿童文化创意园恒隆广场,广西壮族自治区柳州市城中区阳光100,桂中大道南端5号45~46栋1-6号,广西壮族自治区柳州市城中区文昌路20号,广西壮族自治区柳州市城中区东环大道230号居上v8城东旺阁a座负1楼,柳州市鱼峰区文昌路柳州丽笙酒店南侧约120米,广西壮族自治区柳州市鱼峰区柳东路220号柳州工业博物馆红街第8号商业建筑一楼西面外街第1铺面,柳州市城中区瑞安路九洲国际,柳州市城中区东环大道256号柳州城中万达广场B1,城中区桂中大道南端2号阳光壹佰城市广场25栋1-8				
10487		28805d8f-1dbf-41c9-8485-12b5c43ff4e3.jpg,fc0acb84-ad18-4d1d-bb1c-f295041a480a.jpg,2c6b2206-ff08-4b86-9f8c-1b732332b8a7.jpg	NULL	6dcaa8c1-eacd-4b22-8fe0-654ae4a4ca6d.jpg,c683b910-50f6-458d-b723-9b7d3cfd5837.jpg,	NULL	南京金大农工商总公司-停车场,大庙村,中国石化(江苏南京杰海加油站),水关桥,金陵村,民生街,建宁路90号停车场,纬一路,金燕路南,金陵小区	南京市鼓楼区幕府西路116号,18路;42路;53路;69路;77路;175路;538路,江苏省南京市鼓楼区幕府西路59号,18路;42路;53路;67路;77路;78路;95路;117路;175路;307路;538路,67路;69路;95路;117路;307路,10路;54路;66路;95路;535路;555路;558路;D3路;Y10路夜间;Y26路夜间,南京市鼓楼区建宁路90号,42路;53路;77路;176路;319路,67路;69路;95路,67路;69路;95路;117路;307路	银城康养象山颐养中心,南京神康心理医院-抑郁症,南京股骨髋骨科医院,南京市第二医院,南京神康心理医院-失眠症,南京神康心理医院-急诊,南京市鼓楼区宝塔桥社区卫生服务中心,南京市鼓楼区妇幼保健所,南京新光医院,南京市第二医院(钟阜院区)-肿瘤放射治疗中心	江苏省南京市鼓楼区幕府西路126号,江苏省南京市鼓楼区幕府西路118号3楼,江苏省南京市鼓楼区建宁路65号,江苏省南京市鼓楼区钟阜路1-1号,江苏省南京市鼓楼区幕府西路118号,江苏省南京市鼓楼区幕府西路118号南京神康心理医院内,南京市鼓楼区宝塔桥街道宝燕南路10号,江苏省南京市鼓楼区建宁路243号后楼,江苏省南京市鼓楼区建宁路20号号,江苏省南京市鼓楼区钟阜路1号	基督教象山聚会点,阅江楼,大桥公园,狮子山风景区,南京长江大桥纪念馆,北祖师庵,南堡公园,郭家山,城墙,卢龙湖	南京市鼓楼区幕燕路幕府西路85号院,南京市鼓楼区建宁路202号,江苏省南京市鼓楼区宝塔桥东街7号,南京市鼓楼区建宁路202号,江苏省南京市鼓楼区宝塔桥东街大桥公园内,南京市鼓楼区建宁路267号,江苏省南京市鼓楼区宝塔桥东街9号,南京市鼓楼区郭家山路南150米,南京市鼓楼区建宁路202号阅江楼风景区内,南京市鼓楼区建宁路202号阅江楼风景区内	小刀电动车(幕府西路店),百合华府百姓超市,金达花园便民果蔬平价超市,购好超市(象山雅苑东南),世纪华联生活超市(双燕路店),雅迪电动车(幕府西路专卖店),腾达不锈钢经营部(幕府西路店),源盛塑料,鑫奉鑫不锈钢销售中心,南京旭龙不锈钢加工	江苏省南京市鼓楼区幕府西路85-1号,江苏省南京市鼓楼区幕府西路85号,江苏省南京市鼓楼区金达路2号,江苏省南京市鼓楼区幕府西路99-8号,江苏省南京市鼓楼区金燕路40号,江苏省南京市鼓楼区幕府西路122号,江苏省南京市鼓楼区幕府西路99-8号,江苏省南京市鼓楼区幕府西路122号丶2栋,江苏省南京市鼓楼区幕府西路99-3号,江苏省南京市鼓楼区幕府西路99-9号				
10593	<p>项目提供书吧、书画室、美食沙龙、棋牌室、乒乓球室、健身房、舞蹈室、声乐室、桌球室、电影院、多功能教室、理发室等配套设施，搭配香树湾俱乐部和文艺大学课程教学服务，保证长者每天充实又开心。</p>	66f81866-8e8d-4180-8e0d-1e30e754e598.jpg,ea25bffa-2cf4-4ede-8680-8c4250b4a619.jpg,3f1f2195-55b6-41de-bf79-5e17818e53bf.jpg,c83e3518-b0d4-4054-b749-70be553b8819.jpg,f2cac297-e3b6-4a15-aa61-1650196e52d3.png,025e3233-9cfe-4aa7-a405-6fd146eacd51.png,186afb19-d8a8-4641-8920-311e9a283deb.png	<p>医疗：配有专业医疗资源，养护院，护理院，高压氧舱，氢舱等国外进口设备</p>	51d08647-caa7-4f74-a09b-19cdc57134af.png,	NULL	香树湾护理院-停车场,沪南公路六奉公路,野生动物园,香树湾国际养老社区-停车场,六奉公路沪南公路,维也纳酒店(上海野生动物园地铁站店)-地上停车场,停车场,乐辰综合体育运动中心-地上停车场,野生动物园地铁站,六奉公路机房路	上海市浦东新区六奉公路5033弄,沪南线;浦东105路;浦东111路;新临专线,地铁16号线,上海市浦东新区六奉公路5033弄,浦东111路;浦东125路;浦东87路;宣桥1路,上海市浦东新区沪南公路维也纳酒店(上海野生动物园地铁站店),上海市浦东新区六奉公路香树湾国际养老社区西南侧约80米,上海市浦东新区沪南公路8647号,1069路;1095路;浦东111路;浦东125路;浦东59路;浦东87路,浦东111路;浦东125路;浦东87路;宣桥1路	预防保健部,浦东新区老年医院,浦东新区宣桥社区卫生服务中心,住院部,上海健源康复医院,吉林山参(长寿堂分店),上海市浦东新区老年医院-发热门诊,银京医疗,上海普弗沃医疗科技有限公司,中心村长春村卫生室	上海市浦东新区六奉公路浦东新区宣桥社区卫生服务中心,上海市浦东新区张家桥路119号,上海市浦东新区宣桥镇沪南公路8719号,上海市浦东新区六奉公路浦东新区宣桥社区卫生服务中心,上海市浦东新区沪南公9199号,上海市浦东新区张家桥路浦东新区老年医院东南侧约70米,上海市浦东新区宣桥镇张家桥路119号,上海市浦东新区园西路郡雅国际酒店南侧约170米,上海市浦东新区惠南镇园西路318号1幢1楼西区,上海市浦东新区宣黄公路欣春苑北侧约50米	科技中心	上海市浦东新区南芦公路桃城度假村南侧约190米	华联超市(张家桥路店),美惠全生鲜超市(NO.228),上海乐农超市(胡桥店),伟伟超市(汇成路店),上海乐农超市(宣工店),咸亨太雕酒(张家桥店),才明水果店,张家桥菜市场,张家桥五金装潢,上海乐农超市(施桥店)	张家桥路65号,上海市浦东新区沪南公路8639号,上海市浦东新区张家桥路浦东新区老年医院东北侧,上海市浦东新区汇成路774号,上海市浦东新区汇成路847号,上海市浦东新区张家桥路95号,张家桥路56号(清清家电维修部)或62号,张家桥路67号,上海市浦东新区张家桥路浦东新区老年医院东南侧约50米,上海市浦东新区宣桥镇项埭村641号				
10599	<p>养老公寓中有书法室、阅读室、棋艺室、桌球室、篮球场、羽毛球场、瑜伽教室、足浴房等适合老年人休闲的娱乐设施。根据自身地理优势挖掘了一条人工河，同时依河而建了一条人行步道。</p>	5185a12d-6120-4e8f-95bf-2b17b53e58e4.jpg,0a482c8e-fbb8-441d-88c9-7a0a41b2ac17.jpg,ec134121-9a5d-4963-96ca-650faee6eff3.jpg,19191e08-e216-4284-ae34-fbc5310827bf.jpg,99a5e52a-220b-4c99-baa5-3e3d01e366f8.jpg,435b210d-5a2c-4722-829f-e3b9fbc7f0d4.jpg,35af377b-24e6-4822-a368-d592d0fcc47b.jpg,e055c4f8-019f-450d-adbe-39e9251b7a6c.jpg,bda5c7ac-9346-4a31-8d60-b55e69e5a8ea.jpg,128ebe67-2f10-4391-8843-fb2a1374b3c8.jpg,dbff1923-7d88-4a56-8102-a5d1f87e8eca.jpg,5240f246-b01c-4a5a-9a55-8b4bbf52aba5.jpg,5d565774-2111-4094-a94a-e0d13fca94ce.jpg,86ca93b0-0f13-4949-8bdd-28d6dff62bc8.jpg,965f0eee-9ca7-4b0b-929e-8c7b185ba20b.jpg,54c4b790-9fa9-42a2-83d5-1dc028c65b3c.jpg,cb29db0c-4f0d-4a29-baa7-4f35f8051864.jpg,59969d8b-d780-4f5c-a4e3-1071fa25eb14.jpg,309322cb-ffd2-4972-90f9-3eb6e78aaa00.jpg	<p>以“一切为了老年病人”和“救死扶伤，全心全意为人民服务”为办院宗旨，以宝罗护理院专业团队为基础，以区域二级医院和医学会员单位的医疗专家队伍为依托，以先进的医疗技术和诊疗设备为手段，引进先进的医疗管理和服务理念，向当地居民及其周边地区提供高档次、多层次、多样化的医疗及康复服务，努力创造社会效益和经济效益，推动嘉定区的医疗技术与服务水平再上新台阶。</p>	f6662c70-9016-4a38-b638-84eee8436f7e.jpg,b1b06201-8f8b-41bc-b39f-994e17c137e7.png,5a2665c4-f9c0-4880-bc39-aa425dd193d8.png,	NULL	顺丰停车场,上海新艺交通设施工程有限公司(陈翔路),顺丰路科茂路,鸿运码头,科茂路老蕰藻浜桥,南翔水生态公园-南门地上停车场,科茂宾馆-停车场,顺丰路科盛路,上海南翔工业开发区-停车场,科茂路蕰北路	上海市嘉定区顺丰路389号,上海市嘉定区陈翔路388号,嘉定118路,上海市嘉定区南翔镇蕰北路688号,上海市嘉定区科茂路科茂宾馆东南侧约40米,上海市嘉定区科盛路与顺丰路交叉路口往东北约240米,上海市嘉定区科茂路299号,嘉定118路,上海市嘉定区科盛路288号,嘉定118路	上海明州甬嘉康复医院,上海同安医疗用品制造有限公司,国药控股美太医疗设备有限公司,上海创鸿医疗器械有限公司,上海鸣齿医疗器械有限公司,北管社区卫生服务站,北管社区卫生服务站,上海医药嘉定大药房(北管店),上海立珂医疗器械有限公司,上海管全元口腔诊所	上海市嘉定区科盛路515弄,上海市嘉定区南翔镇科盛路558号3幢2层,上海市嘉定区蕴北公路1755弄12号楼1楼,上海市嘉定区南翔镇顺达路300弄南翔现代企业园60号5楼,上海市嘉定区南翔镇科福路368号华强科技园2号楼3楼3218室,上海市嘉定区北陈路493号,上海市嘉定区北陈路1251号,上海市嘉定区北陈路1218号,上海市嘉定区马陆镇博学南路565号2号楼3楼,上海市嘉定区浏翔公路阳光苑-二区东北侧	南翔水生态公园,上海嘉定水环境科普馆,连飞生态园,北管村休闲公园,草庵庙,桃园池,马陆法治主题公园	上海市嘉定区南翔镇顺丰路168号,上海市嘉定区顺丰路,上海市嘉定区浏翔公路1618号,上海市嘉定区北陈路与思义路交叉路口往东约120米,上海市嘉定区科福路398号,上海市嘉定区静唐路阳光苑-二区北侧约80米,上海市嘉定区马陆镇思义路746号	惠达卫浴(顺丰路店),惠润超市(科盛路店),科茂便利店,好又多(香港)超市(北管店),秀娟理想超市,大沙超市,浏翔超市,如海超市(静唐路店),红木家具厂,华美商贸	上海市嘉定区南翔镇顺丰路508号,科盛路1755弄40号南翔镇浏翔置业公寓,上海市嘉定区科茂路297号,上海市嘉定区北陈路1226号,上海市嘉定区科茂路691号,上海市宝山区陈广路与菜场路交叉口西北300米,浏翔花苑西北3门旁,静唐路1157-1号附近,上海市嘉定区科茂路上海市郊都市型工业南翔园,上海市嘉定区科盛路758号				
10662	<p>设有阅览室、手工室、书画室桌球室、欢唱室、影音室、健身室等文化娱乐设施；</p><p>组织老人参加各类文娱集体活动、陪老人沟通聊天、为老人做心里咨询和心里慰藉等服务。</p>	883223d5-2dc3-4e9e-9ca3-f730150aa6de.jpg,65060ed0-b05e-4e3a-b496-7a24a9e1c659.jpg,7958d4ca-d893-4d11-91d5-e51f4dab051a.jpg,2cf36c16-afd7-4fca-937e-4d6110bd8d06.jpg,a217ff83-9365-40b7-8a1d-fc31f7cc534f.jpg,66a2f335-71aa-42ba-8e61-bcef9a357374.jpg,f2cb5aae-30a7-403d-891f-d55a571042f3.jpg,f710b0d0-ffe1-43d8-be38-123e0883f531.jpg	<p>内设医疗机构专区（中西药房、针灸推拿、理疗、化验室、医生诊室），并设有康复中心，配置专业康复理疗设备。</p>	12a3a496-22e1-4a7f-b384-88b55aac82bd.jpg,	NULL	丰皓路大场路,丰翔路,丰皓路南侧临时停车点,中国石化加油站(祁连山路站),宝凤暝园-停车场,南大路,丰皓路瑞丰南路,环镇北路祁连山路,停车场,祁连新村	宝山39路,地铁15号线,上海市宝山区大场路保利熙悦北侧,上海市宝山区祁连山路2479号,上海市宝山区丰翔路618号,地铁15号线,宝山39路,68路;宝山39路,上海市宝山区丰翔路128弄祁连欣苑南侧约160米,58路;68路;110路;185路;332路;727路;744路;828路	益丰大药房医保定点(江慧店),上海中医药大学固生堂金悦门诊部,上海交通大学医学院附属仁济医院宝山分院,上海爱以德护理院,上海懿康护理院,祁连社区卫生服务中心,上海市宝山区大场医院住院部,上海康达卡勒幅医疗科技有限公司,上海市宝山区医疗急救中心大场分站,普陀区桃浦镇社区卫生服务中心新杨社区卫生服务站	上海市宝山区祁康路555号,上海市宝山区丰宝路47-63号,上海市宝山区环镇北路1058号,上海市宝山区业绩路8号,上海市宝山区锦秋路2000弄-8号,上海市宝山区大场镇祁连山路2891号,上海市宝山区环镇北路1058号,上海市宝山区业绩路601号,上海市宝山区上大路1258号,上海市普陀区红柳路238弄30号楼101室	南大公园-露营地,上海金皇讲寺,外环林带普陀区新杨养护段,祁连花园,丰翔绿地-露营地,双子塔,张家祠堂,秦家店烽墩遗址,基督教葑塘堂	上海市宝山区丰收东路388弄南大公园,上海市宝山区丰宝路350号,上海市普陀区红柳路518号,上海市宝山区祁连山路2478号,上海市宝山区工业路与山连路交汇处丰翔绿地,上海市宝山区祁连山路1588号,上海市宝山区大场镇祁连山路1264弄-5号-临,上海市宝山区业绩路21号,上海市宝山区大场镇锦秋路2320号	聚丰购物广场,盒马邻里(盒马邻里大场路店),鑫睿超市(丰宝路店),时代联华超市(祁连山路店),杨建安烟酒店,好特卖HotMaxx(聚丰园路上海大学店),艺铭国际护肤造型(聚丰购物广场店),光明超市(聚丰园店),弘基文化休闲广场,聚丰购物广场-洗手间	上海市宝山区聚丰园路205号,保利熙悦大场路578号,上海市宝山区丰宝路85号,上海市宝山区祁连山路2239弄,上海市宝山区大场路保利熙悦,大场镇聚丰园路131号(中国邮政旁边),聚丰园路135弄8号,聚丰园路358-360号,上海市宝山区聚丰园路55号,上海市宝山区聚丰园路205号聚丰购物广场F1				
10728	<p>院内娱乐活动区域有跳操室、阅览室、影视厅、麻将棋牌室、球类活动室等，每月还会不定期地举办各类活动，力争让老人的日常生活变得丰富多彩。</p>	fdcfb352-522b-4a90-98d4-ba865c493c86.jpg,3901a9fb-df80-461a-9409-859d0afbbbe1.jpg,f9125ad5-35c3-4624-907c-37583aa175cb.jpg,06339a2b-c164-457c-bbf2-3c3eab313ff1.jpg,15a7e08e-4afd-4820-ba38-0e8af6881a1b.jpg	<p>院内有内设医疗机构，还有医疗康复区域和药房，可以使用医保，满足了老人的日常诊疗和配药需求。</p><p>复旦大学中山医院吴淞中心医院距离本院1.9公里，仅5分钟车程，与本院签署互联网合作医院、绿色通道；宝山区中西医结合医院距离本院3公里，车程10分钟；第九人民医院北院距离本院3.6公里，车程10分钟左右。</p>	ca92e4f3-c1d0-4005-ad31-eb6d52c1564c.jpg,cadf8c8e-9f76-4e6d-80cf-4215e1cf443c.jpg,e0b4fc83-4b66-4da5-a0ea-22b656975e36.jpg,2ed36b89-75e5-4898-854f-7e2a3527bd38.jpg,3a091ea6-38ec-4ada-ada1-9755092fbc6b.jpg,	NULL	吴淞口码头,塘后路炮台湾湿地公园,临时停车点,停车场,观光车候车站,上海吴淞口国际邮轮港C区,上海吴淞口国际邮轮港C区-地上停车场,海江新村,新叶公寓-地上停车场,宝山23路、719宝山11路-终点站	上海市宝山区吴淞街道塘后支路15号,吴淞滨江线,上海市宝山区郊环隧道,上海市宝山区塘后支路新叶公寓东南侧约80米,上海市宝山区塘后路206号(上海吴淞炮台湾国家湿地公园),上海市宝山区宝杨路18号,上海市宝山区宝杨路18号,719路;宝山23路,上海市宝山区塘后路224号292号,上海市宝山区双城路宝山一村南侧	复旦大学附属中山医院(吴淞医院),宝山区医疗保险事务中心,上海市宝山区友谊街道社区卫生服务中心,上海睦禾口腔,上海名浩口腔,上海贤佳口腔门诊部(宝山吴淞店),上海市宝山区医疗保障局,宝山区妇幼保健所(水产路),上海市宝山区友谊街道社区卫生服务中心-发热门诊,上海王延萍口腔诊所	上海市宝山区同泰北路101号,上海市宝山区宝东路879号,上海市宝山区宝杨路333-1号,上海市宝山区淞宝路155弄-20号星月国际商务广场9号5楼,上海市宝山区淞宝路宝山三村香樟苑-北块,上海市宝山区牡丹江路377号,上海市宝山区宝东路879号,上海市宝山区水产路1138号,上海市宝山区宝杨路333号上海市宝山区友谊街道社区卫生服务中心,上海市宝山区淞青路225号	上海吴淞炮台湾国家湿地公园,滑行龙,滨江森林公园,瀑布溪流,长江亭,留学生林,吴淞亭,豪华转马,垒山亭,浦江亭	上海市宝山区塘后路206号,上海市宝山区塘后路206号(近双城路)儿童乐园内,上海市浦东新区高桥镇凌桥高沙滩3号,上海市宝山区塘后路206号上海吴淞炮台湾国家湿地公园内,上海市宝山区塘后路206号上海吴淞炮台湾国家湿地公园内,上海市宝山区G1503(郊环隧道),上海市宝山区塘后路206号上海吴淞炮台湾国家湿地公园内,上海市宝山区塘后路206号(近双城路)儿童乐园内,上海市宝山区塘后路206号上海吴淞炮台湾国家湿地公园内,上海市宝山区塘后路206号上海吴淞炮台湾国家湿地公园内	水兵超市,吴淞卫士,宝山糖酒超市(冬明店),诺亚新天地广场,华联超市(宝东路店),上海吴淞炮台湾国家湿地公园-自动售卖机,绿叶市集(同泰北路店),大金空调(上海元笙机电设备有限公司),北翼生活馆,菌芝世家	上海市宝山区塘后支路15号,上海市宝山区塘后路上海吴淞炮台湾国家湿地公园(西北2门)东北侧,淞宝路384-386号,上海市宝山区牡丹江路318号,宝杨路258-1号市场内E118号,上海市宝山区塘后路206号上海吴淞炮台湾国家湿地公园内,吴淞街道同泰北路449号市场内A10号摊位(鑫鑫拉面店对面),上海市宝山区塘后路64号,上海市宝山区友谊路街道永清路700号,上海市宝山区双城路65、67号				
10808	<p>养老院设有棋牌室、书画室、多功能厅、阅览室等。每天上午九点半做操，然后是手势舞等集体活动，下午是麻将牌、象棋和唱歌 还有诗社和看电影。</p>	e2fcfcc1-f94a-48c6-8b3a-fcd341e225a1.JPG,5a6b8b06-339c-4b74-bbd0-163024deed68.JPG,36a0d5a1-c928-455b-b013-61325975ed88.JPG,7f2cfa72-75b9-4f0a-8d77-3267381d2839.JPG,4ee420aa-bb26-4fe2-8854-76a3cc7bf140.JPG,6f6a450d-d768-4fb6-980a-f4360d75d77d.JPG,b5b827a6-5bfe-4be2-8d2c-d13f0d3f9cca.JPG,c32db2cd-9fde-4c16-8d01-c275f99b19b5.JPG	NULL		NULL	西锦路南侧临时停车点,十一经路,嘉华商务中心北侧-停车场,大光明桥,嘉华商务中心-停车场,六纬路,七纬路东侧临时停车点,七纬路东侧临时停车点,大王庄,七纬路南侧临时停车点	天津市河东区西锦路龙湖冠寓松果(天津音乐学院店)西南侧,津滨轻轨9号线,天津市河东区七纬路101号,600路[河北河东];600路[南开和平];643路;666路;673路;842路;847路;866路;871路;902路;963路,天津市河东区七纬路101号,轨道交通4号线,天津市河东区七纬路润泉公寓东侧,天津市河东区七纬路润泉公寓东北侧,津滨轻轨9号线,天津市河东区七纬路润泉公寓东北侧	河东区口腔医院,天津河东宜中门诊部,津塘路40号增6号毓美院医疗美容,河东区体检中心,尚功中医,金玉堂中医门诊,河东区大王庄街社区卫生服务中心动物致伤处置门诊,聚美医疗,ABEAR爱小熊医疗美容诊所,天津市河东区大王庄街社区卫生服务中心	天津市河东区西锦路7号,天津市河东区大王庄街道七纬路83号9商铺,天津市河东区津塘路40号,天津市河东区七纬路81号,天津市河东区十经路11号,天津市河东区八纬路长城公寓12-2号,天津市河东区七纬路81号,天津市和平区海河东路452号中海钻石湾,天津市和平区海河东路418号(中海城市广场),天津市河东区七纬路81号	四德钟,五大道地标钟,海河,天津利顺德博物馆,海河公园,如意园,张自忠雕像,解放北园,张勋宅,小白楼	天津市河东区十三经路与六纬路交口,睦南道与马场道交叉口西南50米,天津市和平区大沽北路城投大厦一楼(保定道对面的侧门),天津市和平区台儿庄路33号天津利顺德大饭店B1层,天津市和平区台儿庄路3-10号,天津市河东区唐口如意园(十一经路桥南160米),天津市和平区三岔河口大沽口海河风景线,天津市和平区泰安道167号,天津市河西区浦口道6号,天津市和平区安善里122号	天津金茂汇,海信广场(解放北路店),天津国贸购物中心,沃尔玛购物广场(嘉华国际商业中心店),金海马家居(河东店),WHUI,奥莱名品折扣店(滨江购物中心店),聚家生鲜超市(十二经路店),滨江购物中心,一商茶叶交易中心(河东店)	六纬路70号（十四经路与六纬路交叉口南侧）,天津市和平区解放北路188号,天津市河西区南京路39号,华昌大街嘉华国际商业中心一层C区,津塘路与十四经路交口西北80米,天津市河东区西锦路龙湖冠寓松果(天津音乐学院店)西侧约30米,开封道29号（近南京路）,八纬路106号,天津市和平区开封道29号,津塘路23号（近十一经路立交桥）				
10835	<p><span style="color: rgb(0, 0, 0);">开发多种针对认知症长者的非药物干预活动，让长者在生活活动中起到锻炼认知能力，延缓认知衰退的效果。</span></p>	60b63f57-63a8-42e5-bb1f-2d151fd51de5.jpeg,77a7fadd-da76-490e-8707-7d654976c187.jpeg,c35f53ec-1f80-4b69-bad1-88e4885cb524.jpeg	<p style="text-align: start;">实行照护服务标准化流程，专业照护团队24小时全时守护，开设中医穴位按摩等专业中医康复护理服务，开设二甲医院以上及护理院绿色转诊通道，为认知症长者们保驾护航。</p><p>开发多种针对认知症长者的非药物干预活动，让长者在生活活动中起到锻炼认知能力，延缓认知衰退的效果。</p><p>荣上记忆家园着力打造“生活康复和认知康复”特色服务，将康复与环境、日常生活照料、非药物干预活动进行融合，照护服务中处处有细节、处处有专业。</p>	ba623a75-45b0-4f75-910b-8f68d36dedcf.png,	NULL	城银路南侧临时停车点,交警交通设施有限公司,市台路真陈路,小桔充电充电站(桔能充电(市台路站)),中国石化(敏光加油站),敉平大厦-接送点,绿地国际设计广场地下停车场,敉平大厦-停车场,上海新艺交通设施工程有限公司(陈翔路),园康路市台路	上海市宝山区城银路绿地领海-二期南侧,上海市宝山区城银路318号,185路;821路;宝山19路,乐城活力社区进大门右侧,上海市宝山区锦秋路2750号,上海市宝山区敉平大厦附近,上海市宝山区城银路绿地·领创国际,上海市宝山区真陈路1085号,上海市嘉定区陈翔路388号,185路;821路;宝山19路	上海臻复医疗科技有限公司,上海康达卡勒幅医疗科技有限公司,上海长三角技术创新研究院数字医疗技术研究所,上海爱以德护理院,上医巴克健康管理中心,益丰大药房(城银路店),上海中医药大学固生堂金悦门诊部,上海懿康护理院,索灵诊断医疗设备(上海)有限公司,金匮堂(市台路店)	上海市宝山区真陈路1018号,上海市宝山区业绩路601号,上海市宝山区山连路377弄3号楼10层,上海市宝山区业绩路8号,上海市宝山区城银路绿地领海西南侧,上海市宝山区城银路609号,上海市宝山区丰宝路47-63号,上海市宝山区锦秋路2000弄-8号,上海市宝山区园丰路69号粤浦科技园,上海市宝山区市台路522号	外环林带普陀区新杨养护段,上海金皇讲寺,丰翔绿地-露营地,基督教葑塘堂	上海市普陀区红柳路518号,上海市宝山区丰宝路350号,上海市宝山区工业路与山连路交汇处丰翔绿地,上海市宝山区大场镇锦秋路2320号	荣轩酒行,领海生活超市,上海缝纫机商店,旺茂汇农副产品超市,健安食品五金百货超市,罗森便利店(市台路店),幸福仓,香香便利店(真陈路店),优家宝贝(城银路店),全家便利店(台路店)	宝山区城银路525号1楼,上海市宝山区市台路388号大楼,市台路263号申丝大厦,上海市宝山区城银路绿地领海-二期,上海市宝山区市台路480号,市台路482号1层,市台路388号市台路388号大楼F1层,上海市宝山区真陈路1138弄104室,上海市宝山区城银路665号,台路515-09号				
10838	NULL	a0dca6ef-b592-4a2a-8889-813de4aff4ca.jpeg,b728f843-9790-4c1e-a300-b57ed44a8c71.jpeg,122eaaf9-42b0-49c5-8426-86231668b615.jpeg,b8368618-44fe-4b29-8edd-626378474a6e.jpeg	<p>社区内部建设专属医务机构，设置内科，康复科，中医科等各类科室，为长者提供日常的健康评估、用药指导、日常慢病管理、辅助康复等服务。社区以医务室为平台，构建三级诊疗绿通服务、社区长护险、基本医疗保险结算服务等。</p><p>设置专属康复治疗区，聘请专业复合型康复医学治疗团队，为长者提供康复评估、计划制定等全流程康复体系，通过物理治疗、心理辅助治疗、作业治疗、言语治疗、中医治疗等多种康复治疗方法，为长者提供专业有效的康复治疗服务。</p><p>组建了一支由内科医生、康复医生、中医医生、临床护士、康复师、营养师等组成的多学科专业团队。</p>	473495ec-561f-4675-9faa-8d3759d0a9ab.jpeg,57cb9426-d70a-4b2f-a182-563127648c52.jpeg,	NULL	泾阳路南侧临时停车点,丰庄,建德花园,上海普陀市政建设养护有限公司-停车场,祁连山南路,香樟荟-停车场,临空音乐公园-地上停车场,建德花园郁金香苑-地下停车场,棕榈路花家浜路,建滔商业广场-地下停车场	上海市普陀区泾阳路建德幼儿园西北侧,地铁13号线,67路;94路;1205路,上海市普陀区泾阳路建德幼儿园西侧,地铁13号线,上海市普陀区香樟路310号,上海市长宁区广顺北路592号,上海市普陀区香樟路195弄1-107号,67路;94路;808路;1206路,上海市长宁区通协路269号	谨瑜医疗美容门诊部,雷度米特医疗设备(上海)有限公司,联影智慧医疗园新建项目,上海外服凌空门诊部,锦奇医疗,上海佳富美医疗美容,鑫基参堂(香樟路店),嘉定区真新社区卫生服务中心,生命树医疗美容教育培训基地,上海曲亭医疗器械股份有限公司	金沙江路2890弄51号,上海市长宁区新泾镇福泉北路518号1座3楼,上海市长宁区广顺北路与临华路交叉路口往北约190米,上海市长宁区通协路269号建滔广场3号楼4楼,上海市长宁区金轮路中关村虹桥创新中心,上海市普陀区金沙江路1988号,上海市普陀区香樟路335号293,上海市嘉定区丰庄路255号,上海市长宁区新泾镇通协路558,上海市嘉定区金沙江路2号890弄31号	建德花园小公园,金沙绿地公园,万佛讲寺,栅桥公园,花漾苏河海螺公园滨水绿道,花香满泾长征镇社区共享花园,入三摩地,临空音乐公园,许浦公园,祁云绿地街心花园	上海市普陀区香樟路与泾阳路交叉路口往西北约100米,丰庄路69号(近清峪路),上海市嘉定区江桥镇金沙江西路200号,上海市嘉定区新郁路755号,上海市普陀区同普路与香樟路交叉路口往西约200米,上海市普陀区长征镇泾阳路187号,上海市嘉定区江桥金沙江西路万佛讲寺,上海市长宁区广顺北路592号,上海市闵行区北翟路1444弄-122支弄-38号,上海市普陀区云岭西路725号	上海建德生鲜,上海荟聚,亚力超市,叮咚买菜(泾阳路店),金沙和美广场,盒马鲜生(金沙和美店),装潢超市,红蜻蜓(临虹路店),原味炒货坊,哈雷戴维森HARLEY DAVIDSON(同普路店)	香樟路335号,上海市长宁区金钟路788号,香樟路173号,上海市普陀区长征镇泾阳路407号,上海市普陀区金沙江路2239弄,金沙江路2239弄1号金沙·和美广场B2,上海市普陀区香樟路建德花园郁金香苑,上海市长宁区临虹路128弄6号楼,上海市普陀区香樟路335号,上海市普陀区同普路1448号(祁连山南路与同普路交叉路口)				
